State,County,Date,Cases,Deaths
45,Abbeville,1/22/20,0,0
45,Aiken,1/22/20,0,0
45,Allendale,1/22/20,0,0
45,Anderson,1/22/20,0,0
45,Bamberg,1/22/20,0,0
45,Barnwell,1/22/20,0,0
45,Beaufort,1/22/20,0,0
45,Berkeley,1/22/20,0,0
45,Calhoun,1/22/20,0,0
45,Charleston,1/22/20,0,0
45,Cherokee,1/22/20,0,0
45,Chester,1/22/20,0,0
45,Chesterfield,1/22/20,0,0
45,Clarendon,1/22/20,0,0
45,Colleton,1/22/20,0,0
45,Darlington,1/22/20,0,0
45,Dillon,1/22/20,0,0
45,Dorchester,1/22/20,0,0
45,Edgefield,1/22/20,0,0
45,Fairfield,1/22/20,0,0
45,Florence,1/22/20,0,0
45,Georgetown,1/22/20,0,0
45,Greenville,1/22/20,0,0
45,Greenwood,1/22/20,0,0
45,Hampton,1/22/20,0,0
45,Horry,1/22/20,0,0
45,Jasper,1/22/20,0,0
45,Kershaw,1/22/20,0,0
45,Lancaster,1/22/20,0,0
45,Laurens,1/22/20,0,0
45,Lee,1/22/20,0,0
45,Lexington,1/22/20,0,0
45,McCormick,1/22/20,0,0
45,Marion,1/22/20,0,0
45,Marlboro,1/22/20,0,0
45,Newberry,1/22/20,0,0
45,Oconee,1/22/20,0,0
45,Orangeburg,1/22/20,0,0
45,Pickens,1/22/20,0,0
45,Richland,1/22/20,0,0
45,Saluda,1/22/20,0,0
45,Spartanburg,1/22/20,0,0
45,Sumter,1/22/20,0,0
45,Union,1/22/20,0,0
45,Williamsburg,1/22/20,0,0
45,York,1/22/20,0,0
45,Abbeville,1/23/20,0,0
45,Aiken,1/23/20,0,0
45,Allendale,1/23/20,0,0
45,Anderson,1/23/20,0,0
45,Bamberg,1/23/20,0,0
45,Barnwell,1/23/20,0,0
45,Beaufort,1/23/20,0,0
45,Berkeley,1/23/20,0,0
45,Calhoun,1/23/20,0,0
45,Charleston,1/23/20,0,0
45,Cherokee,1/23/20,0,0
45,Chester,1/23/20,0,0
45,Chesterfield,1/23/20,0,0
45,Clarendon,1/23/20,0,0
45,Colleton,1/23/20,0,0
45,Darlington,1/23/20,0,0
45,Dillon,1/23/20,0,0
45,Dorchester,1/23/20,0,0
45,Edgefield,1/23/20,0,0
45,Fairfield,1/23/20,0,0
45,Florence,1/23/20,0,0
45,Georgetown,1/23/20,0,0
45,Greenville,1/23/20,0,0
45,Greenwood,1/23/20,0,0
45,Hampton,1/23/20,0,0
45,Horry,1/23/20,0,0
45,Jasper,1/23/20,0,0
45,Kershaw,1/23/20,0,0
45,Lancaster,1/23/20,0,0
45,Laurens,1/23/20,0,0
45,Lee,1/23/20,0,0
45,Lexington,1/23/20,0,0
45,McCormick,1/23/20,0,0
45,Marion,1/23/20,0,0
45,Marlboro,1/23/20,0,0
45,Newberry,1/23/20,0,0
45,Oconee,1/23/20,0,0
45,Orangeburg,1/23/20,0,0
45,Pickens,1/23/20,0,0
45,Richland,1/23/20,0,0
45,Saluda,1/23/20,0,0
45,Spartanburg,1/23/20,0,0
45,Sumter,1/23/20,0,0
45,Union,1/23/20,0,0
45,Williamsburg,1/23/20,0,0
45,York,1/23/20,0,0
45,Abbeville,1/24/20,0,0
45,Aiken,1/24/20,0,0
45,Allendale,1/24/20,0,0
45,Anderson,1/24/20,0,0
45,Bamberg,1/24/20,0,0
45,Barnwell,1/24/20,0,0
45,Beaufort,1/24/20,0,0
45,Berkeley,1/24/20,0,0
45,Calhoun,1/24/20,0,0
45,Charleston,1/24/20,0,0
45,Cherokee,1/24/20,0,0
45,Chester,1/24/20,0,0
45,Chesterfield,1/24/20,0,0
45,Clarendon,1/24/20,0,0
45,Colleton,1/24/20,0,0
45,Darlington,1/24/20,0,0
45,Dillon,1/24/20,0,0
45,Dorchester,1/24/20,0,0
45,Edgefield,1/24/20,0,0
45,Fairfield,1/24/20,0,0
45,Florence,1/24/20,0,0
45,Georgetown,1/24/20,0,0
45,Greenville,1/24/20,0,0
45,Greenwood,1/24/20,0,0
45,Hampton,1/24/20,0,0
45,Horry,1/24/20,0,0
45,Jasper,1/24/20,0,0
45,Kershaw,1/24/20,0,0
45,Lancaster,1/24/20,0,0
45,Laurens,1/24/20,0,0
45,Lee,1/24/20,0,0
45,Lexington,1/24/20,0,0
45,McCormick,1/24/20,0,0
45,Marion,1/24/20,0,0
45,Marlboro,1/24/20,0,0
45,Newberry,1/24/20,0,0
45,Oconee,1/24/20,0,0
45,Orangeburg,1/24/20,0,0
45,Pickens,1/24/20,0,0
45,Richland,1/24/20,0,0
45,Saluda,1/24/20,0,0
45,Spartanburg,1/24/20,0,0
45,Sumter,1/24/20,0,0
45,Union,1/24/20,0,0
45,Williamsburg,1/24/20,0,0
45,York,1/24/20,0,0
45,Abbeville,1/25/20,0,0
45,Aiken,1/25/20,0,0
45,Allendale,1/25/20,0,0
45,Anderson,1/25/20,0,0
45,Bamberg,1/25/20,0,0
45,Barnwell,1/25/20,0,0
45,Beaufort,1/25/20,0,0
45,Berkeley,1/25/20,0,0
45,Calhoun,1/25/20,0,0
45,Charleston,1/25/20,0,0
45,Cherokee,1/25/20,0,0
45,Chester,1/25/20,0,0
45,Chesterfield,1/25/20,0,0
45,Clarendon,1/25/20,0,0
45,Colleton,1/25/20,0,0
45,Darlington,1/25/20,0,0
45,Dillon,1/25/20,0,0
45,Dorchester,1/25/20,0,0
45,Edgefield,1/25/20,0,0
45,Fairfield,1/25/20,0,0
45,Florence,1/25/20,0,0
45,Georgetown,1/25/20,0,0
45,Greenville,1/25/20,0,0
45,Greenwood,1/25/20,0,0
45,Hampton,1/25/20,0,0
45,Horry,1/25/20,0,0
45,Jasper,1/25/20,0,0
45,Kershaw,1/25/20,0,0
45,Lancaster,1/25/20,0,0
45,Laurens,1/25/20,0,0
45,Lee,1/25/20,0,0
45,Lexington,1/25/20,0,0
45,McCormick,1/25/20,0,0
45,Marion,1/25/20,0,0
45,Marlboro,1/25/20,0,0
45,Newberry,1/25/20,0,0
45,Oconee,1/25/20,0,0
45,Orangeburg,1/25/20,0,0
45,Pickens,1/25/20,0,0
45,Richland,1/25/20,0,0
45,Saluda,1/25/20,0,0
45,Spartanburg,1/25/20,0,0
45,Sumter,1/25/20,0,0
45,Union,1/25/20,0,0
45,Williamsburg,1/25/20,0,0
45,York,1/25/20,0,0
45,Abbeville,1/26/20,0,0
45,Aiken,1/26/20,0,0
45,Allendale,1/26/20,0,0
45,Anderson,1/26/20,0,0
45,Bamberg,1/26/20,0,0
45,Barnwell,1/26/20,0,0
45,Beaufort,1/26/20,0,0
45,Berkeley,1/26/20,0,0
45,Calhoun,1/26/20,0,0
45,Charleston,1/26/20,0,0
45,Cherokee,1/26/20,0,0
45,Chester,1/26/20,0,0
45,Chesterfield,1/26/20,0,0
45,Clarendon,1/26/20,0,0
45,Colleton,1/26/20,0,0
45,Darlington,1/26/20,0,0
45,Dillon,1/26/20,0,0
45,Dorchester,1/26/20,0,0
45,Edgefield,1/26/20,0,0
45,Fairfield,1/26/20,0,0
45,Florence,1/26/20,0,0
45,Georgetown,1/26/20,0,0
45,Greenville,1/26/20,0,0
45,Greenwood,1/26/20,0,0
45,Hampton,1/26/20,0,0
45,Horry,1/26/20,0,0
45,Jasper,1/26/20,0,0
45,Kershaw,1/26/20,0,0
45,Lancaster,1/26/20,0,0
45,Laurens,1/26/20,0,0
45,Lee,1/26/20,0,0
45,Lexington,1/26/20,0,0
45,McCormick,1/26/20,0,0
45,Marion,1/26/20,0,0
45,Marlboro,1/26/20,0,0
45,Newberry,1/26/20,0,0
45,Oconee,1/26/20,0,0
45,Orangeburg,1/26/20,0,0
45,Pickens,1/26/20,0,0
45,Richland,1/26/20,0,0
45,Saluda,1/26/20,0,0
45,Spartanburg,1/26/20,0,0
45,Sumter,1/26/20,0,0
45,Union,1/26/20,0,0
45,Williamsburg,1/26/20,0,0
45,York,1/26/20,0,0
45,Abbeville,1/27/20,0,0
45,Aiken,1/27/20,0,0
45,Allendale,1/27/20,0,0
45,Anderson,1/27/20,0,0
45,Bamberg,1/27/20,0,0
45,Barnwell,1/27/20,0,0
45,Beaufort,1/27/20,0,0
45,Berkeley,1/27/20,0,0
45,Calhoun,1/27/20,0,0
45,Charleston,1/27/20,0,0
45,Cherokee,1/27/20,0,0
45,Chester,1/27/20,0,0
45,Chesterfield,1/27/20,0,0
45,Clarendon,1/27/20,0,0
45,Colleton,1/27/20,0,0
45,Darlington,1/27/20,0,0
45,Dillon,1/27/20,0,0
45,Dorchester,1/27/20,0,0
45,Edgefield,1/27/20,0,0
45,Fairfield,1/27/20,0,0
45,Florence,1/27/20,0,0
45,Georgetown,1/27/20,0,0
45,Greenville,1/27/20,0,0
45,Greenwood,1/27/20,0,0
45,Hampton,1/27/20,0,0
45,Horry,1/27/20,0,0
45,Jasper,1/27/20,0,0
45,Kershaw,1/27/20,0,0
45,Lancaster,1/27/20,0,0
45,Laurens,1/27/20,0,0
45,Lee,1/27/20,0,0
45,Lexington,1/27/20,0,0
45,McCormick,1/27/20,0,0
45,Marion,1/27/20,0,0
45,Marlboro,1/27/20,0,0
45,Newberry,1/27/20,0,0
45,Oconee,1/27/20,0,0
45,Orangeburg,1/27/20,0,0
45,Pickens,1/27/20,0,0
45,Richland,1/27/20,0,0
45,Saluda,1/27/20,0,0
45,Spartanburg,1/27/20,0,0
45,Sumter,1/27/20,0,0
45,Union,1/27/20,0,0
45,Williamsburg,1/27/20,0,0
45,York,1/27/20,0,0
45,Abbeville,1/28/20,0,0
45,Aiken,1/28/20,0,0
45,Allendale,1/28/20,0,0
45,Anderson,1/28/20,0,0
45,Bamberg,1/28/20,0,0
45,Barnwell,1/28/20,0,0
45,Beaufort,1/28/20,0,0
45,Berkeley,1/28/20,0,0
45,Calhoun,1/28/20,0,0
45,Charleston,1/28/20,0,0
45,Cherokee,1/28/20,0,0
45,Chester,1/28/20,0,0
45,Chesterfield,1/28/20,0,0
45,Clarendon,1/28/20,0,0
45,Colleton,1/28/20,0,0
45,Darlington,1/28/20,0,0
45,Dillon,1/28/20,0,0
45,Dorchester,1/28/20,0,0
45,Edgefield,1/28/20,0,0
45,Fairfield,1/28/20,0,0
45,Florence,1/28/20,0,0
45,Georgetown,1/28/20,0,0
45,Greenville,1/28/20,0,0
45,Greenwood,1/28/20,0,0
45,Hampton,1/28/20,0,0
45,Horry,1/28/20,0,0
45,Jasper,1/28/20,0,0
45,Kershaw,1/28/20,0,0
45,Lancaster,1/28/20,0,0
45,Laurens,1/28/20,0,0
45,Lee,1/28/20,0,0
45,Lexington,1/28/20,0,0
45,McCormick,1/28/20,0,0
45,Marion,1/28/20,0,0
45,Marlboro,1/28/20,0,0
45,Newberry,1/28/20,0,0
45,Oconee,1/28/20,0,0
45,Orangeburg,1/28/20,0,0
45,Pickens,1/28/20,0,0
45,Richland,1/28/20,0,0
45,Saluda,1/28/20,0,0
45,Spartanburg,1/28/20,0,0
45,Sumter,1/28/20,0,0
45,Union,1/28/20,0,0
45,Williamsburg,1/28/20,0,0
45,York,1/28/20,0,0
45,Abbeville,1/29/20,0,0
45,Aiken,1/29/20,0,0
45,Allendale,1/29/20,0,0
45,Anderson,1/29/20,0,0
45,Bamberg,1/29/20,0,0
45,Barnwell,1/29/20,0,0
45,Beaufort,1/29/20,0,0
45,Berkeley,1/29/20,0,0
45,Calhoun,1/29/20,0,0
45,Charleston,1/29/20,0,0
45,Cherokee,1/29/20,0,0
45,Chester,1/29/20,0,0
45,Chesterfield,1/29/20,0,0
45,Clarendon,1/29/20,0,0
45,Colleton,1/29/20,0,0
45,Darlington,1/29/20,0,0
45,Dillon,1/29/20,0,0
45,Dorchester,1/29/20,0,0
45,Edgefield,1/29/20,0,0
45,Fairfield,1/29/20,0,0
45,Florence,1/29/20,0,0
45,Georgetown,1/29/20,0,0
45,Greenville,1/29/20,0,0
45,Greenwood,1/29/20,0,0
45,Hampton,1/29/20,0,0
45,Horry,1/29/20,0,0
45,Jasper,1/29/20,0,0
45,Kershaw,1/29/20,0,0
45,Lancaster,1/29/20,0,0
45,Laurens,1/29/20,0,0
45,Lee,1/29/20,0,0
45,Lexington,1/29/20,0,0
45,McCormick,1/29/20,0,0
45,Marion,1/29/20,0,0
45,Marlboro,1/29/20,0,0
45,Newberry,1/29/20,0,0
45,Oconee,1/29/20,0,0
45,Orangeburg,1/29/20,0,0
45,Pickens,1/29/20,0,0
45,Richland,1/29/20,0,0
45,Saluda,1/29/20,0,0
45,Spartanburg,1/29/20,0,0
45,Sumter,1/29/20,0,0
45,Union,1/29/20,0,0
45,Williamsburg,1/29/20,0,0
45,York,1/29/20,0,0
45,Abbeville,1/30/20,0,0
45,Aiken,1/30/20,0,0
45,Allendale,1/30/20,0,0
45,Anderson,1/30/20,0,0
45,Bamberg,1/30/20,0,0
45,Barnwell,1/30/20,0,0
45,Beaufort,1/30/20,0,0
45,Berkeley,1/30/20,0,0
45,Calhoun,1/30/20,0,0
45,Charleston,1/30/20,0,0
45,Cherokee,1/30/20,0,0
45,Chester,1/30/20,0,0
45,Chesterfield,1/30/20,0,0
45,Clarendon,1/30/20,0,0
45,Colleton,1/30/20,0,0
45,Darlington,1/30/20,0,0
45,Dillon,1/30/20,0,0
45,Dorchester,1/30/20,0,0
45,Edgefield,1/30/20,0,0
45,Fairfield,1/30/20,0,0
45,Florence,1/30/20,0,0
45,Georgetown,1/30/20,0,0
45,Greenville,1/30/20,0,0
45,Greenwood,1/30/20,0,0
45,Hampton,1/30/20,0,0
45,Horry,1/30/20,0,0
45,Jasper,1/30/20,0,0
45,Kershaw,1/30/20,0,0
45,Lancaster,1/30/20,0,0
45,Laurens,1/30/20,0,0
45,Lee,1/30/20,0,0
45,Lexington,1/30/20,0,0
45,McCormick,1/30/20,0,0
45,Marion,1/30/20,0,0
45,Marlboro,1/30/20,0,0
45,Newberry,1/30/20,0,0
45,Oconee,1/30/20,0,0
45,Orangeburg,1/30/20,0,0
45,Pickens,1/30/20,0,0
45,Richland,1/30/20,0,0
45,Saluda,1/30/20,0,0
45,Spartanburg,1/30/20,0,0
45,Sumter,1/30/20,0,0
45,Union,1/30/20,0,0
45,Williamsburg,1/30/20,0,0
45,York,1/30/20,0,0
45,Abbeville,1/31/20,0,0
45,Aiken,1/31/20,0,0
45,Allendale,1/31/20,0,0
45,Anderson,1/31/20,0,0
45,Bamberg,1/31/20,0,0
45,Barnwell,1/31/20,0,0
45,Beaufort,1/31/20,0,0
45,Berkeley,1/31/20,0,0
45,Calhoun,1/31/20,0,0
45,Charleston,1/31/20,0,0
45,Cherokee,1/31/20,0,0
45,Chester,1/31/20,0,0
45,Chesterfield,1/31/20,0,0
45,Clarendon,1/31/20,0,0
45,Colleton,1/31/20,0,0
45,Darlington,1/31/20,0,0
45,Dillon,1/31/20,0,0
45,Dorchester,1/31/20,0,0
45,Edgefield,1/31/20,0,0
45,Fairfield,1/31/20,0,0
45,Florence,1/31/20,0,0
45,Georgetown,1/31/20,0,0
45,Greenville,1/31/20,0,0
45,Greenwood,1/31/20,0,0
45,Hampton,1/31/20,0,0
45,Horry,1/31/20,0,0
45,Jasper,1/31/20,0,0
45,Kershaw,1/31/20,0,0
45,Lancaster,1/31/20,0,0
45,Laurens,1/31/20,0,0
45,Lee,1/31/20,0,0
45,Lexington,1/31/20,0,0
45,McCormick,1/31/20,0,0
45,Marion,1/31/20,0,0
45,Marlboro,1/31/20,0,0
45,Newberry,1/31/20,0,0
45,Oconee,1/31/20,0,0
45,Orangeburg,1/31/20,0,0
45,Pickens,1/31/20,0,0
45,Richland,1/31/20,0,0
45,Saluda,1/31/20,0,0
45,Spartanburg,1/31/20,0,0
45,Sumter,1/31/20,0,0
45,Union,1/31/20,0,0
45,Williamsburg,1/31/20,0,0
45,York,1/31/20,0,0
45,Abbeville,2/1/20,0,0
45,Aiken,2/1/20,0,0
45,Allendale,2/1/20,0,0
45,Anderson,2/1/20,0,0
45,Bamberg,2/1/20,0,0
45,Barnwell,2/1/20,0,0
45,Beaufort,2/1/20,0,0
45,Berkeley,2/1/20,0,0
45,Calhoun,2/1/20,0,0
45,Charleston,2/1/20,0,0
45,Cherokee,2/1/20,0,0
45,Chester,2/1/20,0,0
45,Chesterfield,2/1/20,0,0
45,Clarendon,2/1/20,0,0
45,Colleton,2/1/20,0,0
45,Darlington,2/1/20,0,0
45,Dillon,2/1/20,0,0
45,Dorchester,2/1/20,0,0
45,Edgefield,2/1/20,0,0
45,Fairfield,2/1/20,0,0
45,Florence,2/1/20,0,0
45,Georgetown,2/1/20,0,0
45,Greenville,2/1/20,0,0
45,Greenwood,2/1/20,0,0
45,Hampton,2/1/20,0,0
45,Horry,2/1/20,0,0
45,Jasper,2/1/20,0,0
45,Kershaw,2/1/20,0,0
45,Lancaster,2/1/20,0,0
45,Laurens,2/1/20,0,0
45,Lee,2/1/20,0,0
45,Lexington,2/1/20,0,0
45,McCormick,2/1/20,0,0
45,Marion,2/1/20,0,0
45,Marlboro,2/1/20,0,0
45,Newberry,2/1/20,0,0
45,Oconee,2/1/20,0,0
45,Orangeburg,2/1/20,0,0
45,Pickens,2/1/20,0,0
45,Richland,2/1/20,0,0
45,Saluda,2/1/20,0,0
45,Spartanburg,2/1/20,0,0
45,Sumter,2/1/20,0,0
45,Union,2/1/20,0,0
45,Williamsburg,2/1/20,0,0
45,York,2/1/20,0,0
45,Abbeville,2/2/20,0,0
45,Aiken,2/2/20,0,0
45,Allendale,2/2/20,0,0
45,Anderson,2/2/20,0,0
45,Bamberg,2/2/20,0,0
45,Barnwell,2/2/20,0,0
45,Beaufort,2/2/20,0,0
45,Berkeley,2/2/20,0,0
45,Calhoun,2/2/20,0,0
45,Charleston,2/2/20,0,0
45,Cherokee,2/2/20,0,0
45,Chester,2/2/20,0,0
45,Chesterfield,2/2/20,0,0
45,Clarendon,2/2/20,0,0
45,Colleton,2/2/20,0,0
45,Darlington,2/2/20,0,0
45,Dillon,2/2/20,0,0
45,Dorchester,2/2/20,0,0
45,Edgefield,2/2/20,0,0
45,Fairfield,2/2/20,0,0
45,Florence,2/2/20,0,0
45,Georgetown,2/2/20,0,0
45,Greenville,2/2/20,0,0
45,Greenwood,2/2/20,0,0
45,Hampton,2/2/20,0,0
45,Horry,2/2/20,0,0
45,Jasper,2/2/20,0,0
45,Kershaw,2/2/20,0,0
45,Lancaster,2/2/20,0,0
45,Laurens,2/2/20,0,0
45,Lee,2/2/20,0,0
45,Lexington,2/2/20,0,0
45,McCormick,2/2/20,0,0
45,Marion,2/2/20,0,0
45,Marlboro,2/2/20,0,0
45,Newberry,2/2/20,0,0
45,Oconee,2/2/20,0,0
45,Orangeburg,2/2/20,0,0
45,Pickens,2/2/20,0,0
45,Richland,2/2/20,0,0
45,Saluda,2/2/20,0,0
45,Spartanburg,2/2/20,0,0
45,Sumter,2/2/20,0,0
45,Union,2/2/20,0,0
45,Williamsburg,2/2/20,0,0
45,York,2/2/20,0,0
45,Abbeville,2/3/20,0,0
45,Aiken,2/3/20,0,0
45,Allendale,2/3/20,0,0
45,Anderson,2/3/20,0,0
45,Bamberg,2/3/20,0,0
45,Barnwell,2/3/20,0,0
45,Beaufort,2/3/20,0,0
45,Berkeley,2/3/20,0,0
45,Calhoun,2/3/20,0,0
45,Charleston,2/3/20,0,0
45,Cherokee,2/3/20,0,0
45,Chester,2/3/20,0,0
45,Chesterfield,2/3/20,0,0
45,Clarendon,2/3/20,0,0
45,Colleton,2/3/20,0,0
45,Darlington,2/3/20,0,0
45,Dillon,2/3/20,0,0
45,Dorchester,2/3/20,0,0
45,Edgefield,2/3/20,0,0
45,Fairfield,2/3/20,0,0
45,Florence,2/3/20,0,0
45,Georgetown,2/3/20,0,0
45,Greenville,2/3/20,0,0
45,Greenwood,2/3/20,0,0
45,Hampton,2/3/20,0,0
45,Horry,2/3/20,0,0
45,Jasper,2/3/20,0,0
45,Kershaw,2/3/20,0,0
45,Lancaster,2/3/20,0,0
45,Laurens,2/3/20,0,0
45,Lee,2/3/20,0,0
45,Lexington,2/3/20,0,0
45,McCormick,2/3/20,0,0
45,Marion,2/3/20,0,0
45,Marlboro,2/3/20,0,0
45,Newberry,2/3/20,0,0
45,Oconee,2/3/20,0,0
45,Orangeburg,2/3/20,0,0
45,Pickens,2/3/20,0,0
45,Richland,2/3/20,0,0
45,Saluda,2/3/20,0,0
45,Spartanburg,2/3/20,0,0
45,Sumter,2/3/20,0,0
45,Union,2/3/20,0,0
45,Williamsburg,2/3/20,0,0
45,York,2/3/20,0,0
45,Abbeville,2/4/20,0,0
45,Aiken,2/4/20,0,0
45,Allendale,2/4/20,0,0
45,Anderson,2/4/20,0,0
45,Bamberg,2/4/20,0,0
45,Barnwell,2/4/20,0,0
45,Beaufort,2/4/20,0,0
45,Berkeley,2/4/20,0,0
45,Calhoun,2/4/20,0,0
45,Charleston,2/4/20,0,0
45,Cherokee,2/4/20,0,0
45,Chester,2/4/20,0,0
45,Chesterfield,2/4/20,0,0
45,Clarendon,2/4/20,0,0
45,Colleton,2/4/20,0,0
45,Darlington,2/4/20,0,0
45,Dillon,2/4/20,0,0
45,Dorchester,2/4/20,0,0
45,Edgefield,2/4/20,0,0
45,Fairfield,2/4/20,0,0
45,Florence,2/4/20,0,0
45,Georgetown,2/4/20,0,0
45,Greenville,2/4/20,0,0
45,Greenwood,2/4/20,0,0
45,Hampton,2/4/20,0,0
45,Horry,2/4/20,0,0
45,Jasper,2/4/20,0,0
45,Kershaw,2/4/20,0,0
45,Lancaster,2/4/20,0,0
45,Laurens,2/4/20,0,0
45,Lee,2/4/20,0,0
45,Lexington,2/4/20,0,0
45,McCormick,2/4/20,0,0
45,Marion,2/4/20,0,0
45,Marlboro,2/4/20,0,0
45,Newberry,2/4/20,0,0
45,Oconee,2/4/20,0,0
45,Orangeburg,2/4/20,0,0
45,Pickens,2/4/20,0,0
45,Richland,2/4/20,0,0
45,Saluda,2/4/20,0,0
45,Spartanburg,2/4/20,0,0
45,Sumter,2/4/20,0,0
45,Union,2/4/20,0,0
45,Williamsburg,2/4/20,0,0
45,York,2/4/20,0,0
45,Abbeville,2/5/20,0,0
45,Aiken,2/5/20,0,0
45,Allendale,2/5/20,0,0
45,Anderson,2/5/20,0,0
45,Bamberg,2/5/20,0,0
45,Barnwell,2/5/20,0,0
45,Beaufort,2/5/20,0,0
45,Berkeley,2/5/20,0,0
45,Calhoun,2/5/20,0,0
45,Charleston,2/5/20,0,0
45,Cherokee,2/5/20,0,0
45,Chester,2/5/20,0,0
45,Chesterfield,2/5/20,0,0
45,Clarendon,2/5/20,0,0
45,Colleton,2/5/20,0,0
45,Darlington,2/5/20,0,0
45,Dillon,2/5/20,0,0
45,Dorchester,2/5/20,0,0
45,Edgefield,2/5/20,0,0
45,Fairfield,2/5/20,0,0
45,Florence,2/5/20,0,0
45,Georgetown,2/5/20,0,0
45,Greenville,2/5/20,0,0
45,Greenwood,2/5/20,0,0
45,Hampton,2/5/20,0,0
45,Horry,2/5/20,0,0
45,Jasper,2/5/20,0,0
45,Kershaw,2/5/20,0,0
45,Lancaster,2/5/20,0,0
45,Laurens,2/5/20,0,0
45,Lee,2/5/20,0,0
45,Lexington,2/5/20,0,0
45,McCormick,2/5/20,0,0
45,Marion,2/5/20,0,0
45,Marlboro,2/5/20,0,0
45,Newberry,2/5/20,0,0
45,Oconee,2/5/20,0,0
45,Orangeburg,2/5/20,0,0
45,Pickens,2/5/20,0,0
45,Richland,2/5/20,0,0
45,Saluda,2/5/20,0,0
45,Spartanburg,2/5/20,0,0
45,Sumter,2/5/20,0,0
45,Union,2/5/20,0,0
45,Williamsburg,2/5/20,0,0
45,York,2/5/20,0,0
45,Abbeville,2/6/20,0,0
45,Aiken,2/6/20,0,0
45,Allendale,2/6/20,0,0
45,Anderson,2/6/20,0,0
45,Bamberg,2/6/20,0,0
45,Barnwell,2/6/20,0,0
45,Beaufort,2/6/20,0,0
45,Berkeley,2/6/20,0,0
45,Calhoun,2/6/20,0,0
45,Charleston,2/6/20,0,0
45,Cherokee,2/6/20,0,0
45,Chester,2/6/20,0,0
45,Chesterfield,2/6/20,0,0
45,Clarendon,2/6/20,0,0
45,Colleton,2/6/20,0,0
45,Darlington,2/6/20,0,0
45,Dillon,2/6/20,0,0
45,Dorchester,2/6/20,0,0
45,Edgefield,2/6/20,0,0
45,Fairfield,2/6/20,0,0
45,Florence,2/6/20,0,0
45,Georgetown,2/6/20,0,0
45,Greenville,2/6/20,0,0
45,Greenwood,2/6/20,0,0
45,Hampton,2/6/20,0,0
45,Horry,2/6/20,0,0
45,Jasper,2/6/20,0,0
45,Kershaw,2/6/20,0,0
45,Lancaster,2/6/20,0,0
45,Laurens,2/6/20,0,0
45,Lee,2/6/20,0,0
45,Lexington,2/6/20,0,0
45,McCormick,2/6/20,0,0
45,Marion,2/6/20,0,0
45,Marlboro,2/6/20,0,0
45,Newberry,2/6/20,0,0
45,Oconee,2/6/20,0,0
45,Orangeburg,2/6/20,0,0
45,Pickens,2/6/20,0,0
45,Richland,2/6/20,0,0
45,Saluda,2/6/20,0,0
45,Spartanburg,2/6/20,0,0
45,Sumter,2/6/20,0,0
45,Union,2/6/20,0,0
45,Williamsburg,2/6/20,0,0
45,York,2/6/20,0,0
45,Abbeville,2/7/20,0,0
45,Aiken,2/7/20,0,0
45,Allendale,2/7/20,0,0
45,Anderson,2/7/20,0,0
45,Bamberg,2/7/20,0,0
45,Barnwell,2/7/20,0,0
45,Beaufort,2/7/20,0,0
45,Berkeley,2/7/20,0,0
45,Calhoun,2/7/20,0,0
45,Charleston,2/7/20,0,0
45,Cherokee,2/7/20,0,0
45,Chester,2/7/20,0,0
45,Chesterfield,2/7/20,0,0
45,Clarendon,2/7/20,0,0
45,Colleton,2/7/20,0,0
45,Darlington,2/7/20,0,0
45,Dillon,2/7/20,0,0
45,Dorchester,2/7/20,0,0
45,Edgefield,2/7/20,0,0
45,Fairfield,2/7/20,0,0
45,Florence,2/7/20,0,0
45,Georgetown,2/7/20,0,0
45,Greenville,2/7/20,0,0
45,Greenwood,2/7/20,0,0
45,Hampton,2/7/20,0,0
45,Horry,2/7/20,0,0
45,Jasper,2/7/20,0,0
45,Kershaw,2/7/20,0,0
45,Lancaster,2/7/20,0,0
45,Laurens,2/7/20,0,0
45,Lee,2/7/20,0,0
45,Lexington,2/7/20,0,0
45,McCormick,2/7/20,0,0
45,Marion,2/7/20,0,0
45,Marlboro,2/7/20,0,0
45,Newberry,2/7/20,0,0
45,Oconee,2/7/20,0,0
45,Orangeburg,2/7/20,0,0
45,Pickens,2/7/20,0,0
45,Richland,2/7/20,0,0
45,Saluda,2/7/20,0,0
45,Spartanburg,2/7/20,0,0
45,Sumter,2/7/20,0,0
45,Union,2/7/20,0,0
45,Williamsburg,2/7/20,0,0
45,York,2/7/20,0,0
45,Abbeville,2/8/20,0,0
45,Aiken,2/8/20,0,0
45,Allendale,2/8/20,0,0
45,Anderson,2/8/20,0,0
45,Bamberg,2/8/20,0,0
45,Barnwell,2/8/20,0,0
45,Beaufort,2/8/20,0,0
45,Berkeley,2/8/20,0,0
45,Calhoun,2/8/20,0,0
45,Charleston,2/8/20,0,0
45,Cherokee,2/8/20,0,0
45,Chester,2/8/20,0,0
45,Chesterfield,2/8/20,0,0
45,Clarendon,2/8/20,0,0
45,Colleton,2/8/20,0,0
45,Darlington,2/8/20,0,0
45,Dillon,2/8/20,0,0
45,Dorchester,2/8/20,0,0
45,Edgefield,2/8/20,0,0
45,Fairfield,2/8/20,0,0
45,Florence,2/8/20,0,0
45,Georgetown,2/8/20,0,0
45,Greenville,2/8/20,0,0
45,Greenwood,2/8/20,0,0
45,Hampton,2/8/20,0,0
45,Horry,2/8/20,0,0
45,Jasper,2/8/20,0,0
45,Kershaw,2/8/20,0,0
45,Lancaster,2/8/20,0,0
45,Laurens,2/8/20,0,0
45,Lee,2/8/20,0,0
45,Lexington,2/8/20,0,0
45,McCormick,2/8/20,0,0
45,Marion,2/8/20,0,0
45,Marlboro,2/8/20,0,0
45,Newberry,2/8/20,0,0
45,Oconee,2/8/20,0,0
45,Orangeburg,2/8/20,0,0
45,Pickens,2/8/20,0,0
45,Richland,2/8/20,0,0
45,Saluda,2/8/20,0,0
45,Spartanburg,2/8/20,0,0
45,Sumter,2/8/20,0,0
45,Union,2/8/20,0,0
45,Williamsburg,2/8/20,0,0
45,York,2/8/20,0,0
45,Abbeville,2/9/20,0,0
45,Aiken,2/9/20,0,0
45,Allendale,2/9/20,0,0
45,Anderson,2/9/20,0,0
45,Bamberg,2/9/20,0,0
45,Barnwell,2/9/20,0,0
45,Beaufort,2/9/20,0,0
45,Berkeley,2/9/20,0,0
45,Calhoun,2/9/20,0,0
45,Charleston,2/9/20,0,0
45,Cherokee,2/9/20,0,0
45,Chester,2/9/20,0,0
45,Chesterfield,2/9/20,0,0
45,Clarendon,2/9/20,0,0
45,Colleton,2/9/20,0,0
45,Darlington,2/9/20,0,0
45,Dillon,2/9/20,0,0
45,Dorchester,2/9/20,0,0
45,Edgefield,2/9/20,0,0
45,Fairfield,2/9/20,0,0
45,Florence,2/9/20,0,0
45,Georgetown,2/9/20,0,0
45,Greenville,2/9/20,0,0
45,Greenwood,2/9/20,0,0
45,Hampton,2/9/20,0,0
45,Horry,2/9/20,0,0
45,Jasper,2/9/20,0,0
45,Kershaw,2/9/20,0,0
45,Lancaster,2/9/20,0,0
45,Laurens,2/9/20,0,0
45,Lee,2/9/20,0,0
45,Lexington,2/9/20,0,0
45,McCormick,2/9/20,0,0
45,Marion,2/9/20,0,0
45,Marlboro,2/9/20,0,0
45,Newberry,2/9/20,0,0
45,Oconee,2/9/20,0,0
45,Orangeburg,2/9/20,0,0
45,Pickens,2/9/20,0,0
45,Richland,2/9/20,0,0
45,Saluda,2/9/20,0,0
45,Spartanburg,2/9/20,0,0
45,Sumter,2/9/20,0,0
45,Union,2/9/20,0,0
45,Williamsburg,2/9/20,0,0
45,York,2/9/20,0,0
45,Abbeville,2/10/20,0,0
45,Aiken,2/10/20,0,0
45,Allendale,2/10/20,0,0
45,Anderson,2/10/20,0,0
45,Bamberg,2/10/20,0,0
45,Barnwell,2/10/20,0,0
45,Beaufort,2/10/20,0,0
45,Berkeley,2/10/20,0,0
45,Calhoun,2/10/20,0,0
45,Charleston,2/10/20,0,0
45,Cherokee,2/10/20,0,0
45,Chester,2/10/20,0,0
45,Chesterfield,2/10/20,0,0
45,Clarendon,2/10/20,0,0
45,Colleton,2/10/20,0,0
45,Darlington,2/10/20,0,0
45,Dillon,2/10/20,0,0
45,Dorchester,2/10/20,0,0
45,Edgefield,2/10/20,0,0
45,Fairfield,2/10/20,0,0
45,Florence,2/10/20,0,0
45,Georgetown,2/10/20,0,0
45,Greenville,2/10/20,0,0
45,Greenwood,2/10/20,0,0
45,Hampton,2/10/20,0,0
45,Horry,2/10/20,0,0
45,Jasper,2/10/20,0,0
45,Kershaw,2/10/20,0,0
45,Lancaster,2/10/20,0,0
45,Laurens,2/10/20,0,0
45,Lee,2/10/20,0,0
45,Lexington,2/10/20,0,0
45,McCormick,2/10/20,0,0
45,Marion,2/10/20,0,0
45,Marlboro,2/10/20,0,0
45,Newberry,2/10/20,0,0
45,Oconee,2/10/20,0,0
45,Orangeburg,2/10/20,0,0
45,Pickens,2/10/20,0,0
45,Richland,2/10/20,0,0
45,Saluda,2/10/20,0,0
45,Spartanburg,2/10/20,0,0
45,Sumter,2/10/20,0,0
45,Union,2/10/20,0,0
45,Williamsburg,2/10/20,0,0
45,York,2/10/20,0,0
45,Abbeville,2/11/20,0,0
45,Aiken,2/11/20,0,0
45,Allendale,2/11/20,0,0
45,Anderson,2/11/20,0,0
45,Bamberg,2/11/20,0,0
45,Barnwell,2/11/20,0,0
45,Beaufort,2/11/20,0,0
45,Berkeley,2/11/20,0,0
45,Calhoun,2/11/20,0,0
45,Charleston,2/11/20,0,0
45,Cherokee,2/11/20,0,0
45,Chester,2/11/20,0,0
45,Chesterfield,2/11/20,0,0
45,Clarendon,2/11/20,0,0
45,Colleton,2/11/20,0,0
45,Darlington,2/11/20,0,0
45,Dillon,2/11/20,0,0
45,Dorchester,2/11/20,0,0
45,Edgefield,2/11/20,0,0
45,Fairfield,2/11/20,0,0
45,Florence,2/11/20,0,0
45,Georgetown,2/11/20,0,0
45,Greenville,2/11/20,0,0
45,Greenwood,2/11/20,0,0
45,Hampton,2/11/20,0,0
45,Horry,2/11/20,0,0
45,Jasper,2/11/20,0,0
45,Kershaw,2/11/20,0,0
45,Lancaster,2/11/20,0,0
45,Laurens,2/11/20,0,0
45,Lee,2/11/20,0,0
45,Lexington,2/11/20,0,0
45,McCormick,2/11/20,0,0
45,Marion,2/11/20,0,0
45,Marlboro,2/11/20,0,0
45,Newberry,2/11/20,0,0
45,Oconee,2/11/20,0,0
45,Orangeburg,2/11/20,0,0
45,Pickens,2/11/20,0,0
45,Richland,2/11/20,0,0
45,Saluda,2/11/20,0,0
45,Spartanburg,2/11/20,0,0
45,Sumter,2/11/20,0,0
45,Union,2/11/20,0,0
45,Williamsburg,2/11/20,0,0
45,York,2/11/20,0,0
45,Abbeville,2/12/20,0,0
45,Aiken,2/12/20,0,0
45,Allendale,2/12/20,0,0
45,Anderson,2/12/20,0,0
45,Bamberg,2/12/20,0,0
45,Barnwell,2/12/20,0,0
45,Beaufort,2/12/20,0,0
45,Berkeley,2/12/20,0,0
45,Calhoun,2/12/20,0,0
45,Charleston,2/12/20,0,0
45,Cherokee,2/12/20,0,0
45,Chester,2/12/20,0,0
45,Chesterfield,2/12/20,0,0
45,Clarendon,2/12/20,0,0
45,Colleton,2/12/20,0,0
45,Darlington,2/12/20,0,0
45,Dillon,2/12/20,0,0
45,Dorchester,2/12/20,0,0
45,Edgefield,2/12/20,0,0
45,Fairfield,2/12/20,0,0
45,Florence,2/12/20,0,0
45,Georgetown,2/12/20,0,0
45,Greenville,2/12/20,0,0
45,Greenwood,2/12/20,0,0
45,Hampton,2/12/20,0,0
45,Horry,2/12/20,0,0
45,Jasper,2/12/20,0,0
45,Kershaw,2/12/20,0,0
45,Lancaster,2/12/20,0,0
45,Laurens,2/12/20,0,0
45,Lee,2/12/20,0,0
45,Lexington,2/12/20,0,0
45,McCormick,2/12/20,0,0
45,Marion,2/12/20,0,0
45,Marlboro,2/12/20,0,0
45,Newberry,2/12/20,0,0
45,Oconee,2/12/20,0,0
45,Orangeburg,2/12/20,0,0
45,Pickens,2/12/20,0,0
45,Richland,2/12/20,0,0
45,Saluda,2/12/20,0,0
45,Spartanburg,2/12/20,0,0
45,Sumter,2/12/20,0,0
45,Union,2/12/20,0,0
45,Williamsburg,2/12/20,0,0
45,York,2/12/20,0,0
45,Abbeville,2/13/20,0,0
45,Aiken,2/13/20,0,0
45,Allendale,2/13/20,0,0
45,Anderson,2/13/20,0,0
45,Bamberg,2/13/20,0,0
45,Barnwell,2/13/20,0,0
45,Beaufort,2/13/20,0,0
45,Berkeley,2/13/20,0,0
45,Calhoun,2/13/20,0,0
45,Charleston,2/13/20,0,0
45,Cherokee,2/13/20,0,0
45,Chester,2/13/20,0,0
45,Chesterfield,2/13/20,0,0
45,Clarendon,2/13/20,0,0
45,Colleton,2/13/20,0,0
45,Darlington,2/13/20,0,0
45,Dillon,2/13/20,0,0
45,Dorchester,2/13/20,0,0
45,Edgefield,2/13/20,0,0
45,Fairfield,2/13/20,0,0
45,Florence,2/13/20,0,0
45,Georgetown,2/13/20,0,0
45,Greenville,2/13/20,0,0
45,Greenwood,2/13/20,0,0
45,Hampton,2/13/20,0,0
45,Horry,2/13/20,0,0
45,Jasper,2/13/20,0,0
45,Kershaw,2/13/20,0,0
45,Lancaster,2/13/20,0,0
45,Laurens,2/13/20,0,0
45,Lee,2/13/20,0,0
45,Lexington,2/13/20,0,0
45,McCormick,2/13/20,0,0
45,Marion,2/13/20,0,0
45,Marlboro,2/13/20,0,0
45,Newberry,2/13/20,0,0
45,Oconee,2/13/20,0,0
45,Orangeburg,2/13/20,0,0
45,Pickens,2/13/20,0,0
45,Richland,2/13/20,0,0
45,Saluda,2/13/20,0,0
45,Spartanburg,2/13/20,0,0
45,Sumter,2/13/20,0,0
45,Union,2/13/20,0,0
45,Williamsburg,2/13/20,0,0
45,York,2/13/20,0,0
45,Abbeville,2/14/20,0,0
45,Aiken,2/14/20,0,0
45,Allendale,2/14/20,0,0
45,Anderson,2/14/20,0,0
45,Bamberg,2/14/20,0,0
45,Barnwell,2/14/20,0,0
45,Beaufort,2/14/20,0,0
45,Berkeley,2/14/20,0,0
45,Calhoun,2/14/20,0,0
45,Charleston,2/14/20,0,0
45,Cherokee,2/14/20,0,0
45,Chester,2/14/20,0,0
45,Chesterfield,2/14/20,0,0
45,Clarendon,2/14/20,0,0
45,Colleton,2/14/20,0,0
45,Darlington,2/14/20,0,0
45,Dillon,2/14/20,0,0
45,Dorchester,2/14/20,0,0
45,Edgefield,2/14/20,0,0
45,Fairfield,2/14/20,0,0
45,Florence,2/14/20,0,0
45,Georgetown,2/14/20,0,0
45,Greenville,2/14/20,0,0
45,Greenwood,2/14/20,0,0
45,Hampton,2/14/20,0,0
45,Horry,2/14/20,0,0
45,Jasper,2/14/20,0,0
45,Kershaw,2/14/20,0,0
45,Lancaster,2/14/20,0,0
45,Laurens,2/14/20,0,0
45,Lee,2/14/20,0,0
45,Lexington,2/14/20,0,0
45,McCormick,2/14/20,0,0
45,Marion,2/14/20,0,0
45,Marlboro,2/14/20,0,0
45,Newberry,2/14/20,0,0
45,Oconee,2/14/20,0,0
45,Orangeburg,2/14/20,0,0
45,Pickens,2/14/20,0,0
45,Richland,2/14/20,0,0
45,Saluda,2/14/20,0,0
45,Spartanburg,2/14/20,0,0
45,Sumter,2/14/20,0,0
45,Union,2/14/20,0,0
45,Williamsburg,2/14/20,0,0
45,York,2/14/20,0,0
45,Abbeville,2/15/20,0,0
45,Aiken,2/15/20,0,0
45,Allendale,2/15/20,0,0
45,Anderson,2/15/20,0,0
45,Bamberg,2/15/20,0,0
45,Barnwell,2/15/20,0,0
45,Beaufort,2/15/20,0,0
45,Berkeley,2/15/20,0,0
45,Calhoun,2/15/20,0,0
45,Charleston,2/15/20,0,0
45,Cherokee,2/15/20,0,0
45,Chester,2/15/20,0,0
45,Chesterfield,2/15/20,0,0
45,Clarendon,2/15/20,0,0
45,Colleton,2/15/20,0,0
45,Darlington,2/15/20,0,0
45,Dillon,2/15/20,0,0
45,Dorchester,2/15/20,0,0
45,Edgefield,2/15/20,0,0
45,Fairfield,2/15/20,0,0
45,Florence,2/15/20,0,0
45,Georgetown,2/15/20,0,0
45,Greenville,2/15/20,0,0
45,Greenwood,2/15/20,0,0
45,Hampton,2/15/20,0,0
45,Horry,2/15/20,0,0
45,Jasper,2/15/20,0,0
45,Kershaw,2/15/20,0,0
45,Lancaster,2/15/20,0,0
45,Laurens,2/15/20,0,0
45,Lee,2/15/20,0,0
45,Lexington,2/15/20,0,0
45,McCormick,2/15/20,0,0
45,Marion,2/15/20,0,0
45,Marlboro,2/15/20,0,0
45,Newberry,2/15/20,0,0
45,Oconee,2/15/20,0,0
45,Orangeburg,2/15/20,0,0
45,Pickens,2/15/20,0,0
45,Richland,2/15/20,0,0
45,Saluda,2/15/20,0,0
45,Spartanburg,2/15/20,0,0
45,Sumter,2/15/20,0,0
45,Union,2/15/20,0,0
45,Williamsburg,2/15/20,0,0
45,York,2/15/20,0,0
45,Abbeville,2/16/20,0,0
45,Aiken,2/16/20,0,0
45,Allendale,2/16/20,0,0
45,Anderson,2/16/20,0,0
45,Bamberg,2/16/20,0,0
45,Barnwell,2/16/20,0,0
45,Beaufort,2/16/20,0,0
45,Berkeley,2/16/20,0,0
45,Calhoun,2/16/20,0,0
45,Charleston,2/16/20,0,0
45,Cherokee,2/16/20,0,0
45,Chester,2/16/20,0,0
45,Chesterfield,2/16/20,0,0
45,Clarendon,2/16/20,0,0
45,Colleton,2/16/20,0,0
45,Darlington,2/16/20,0,0
45,Dillon,2/16/20,0,0
45,Dorchester,2/16/20,0,0
45,Edgefield,2/16/20,0,0
45,Fairfield,2/16/20,0,0
45,Florence,2/16/20,0,0
45,Georgetown,2/16/20,0,0
45,Greenville,2/16/20,0,0
45,Greenwood,2/16/20,0,0
45,Hampton,2/16/20,0,0
45,Horry,2/16/20,0,0
45,Jasper,2/16/20,0,0
45,Kershaw,2/16/20,0,0
45,Lancaster,2/16/20,0,0
45,Laurens,2/16/20,0,0
45,Lee,2/16/20,0,0
45,Lexington,2/16/20,0,0
45,McCormick,2/16/20,0,0
45,Marion,2/16/20,0,0
45,Marlboro,2/16/20,0,0
45,Newberry,2/16/20,0,0
45,Oconee,2/16/20,0,0
45,Orangeburg,2/16/20,0,0
45,Pickens,2/16/20,0,0
45,Richland,2/16/20,0,0
45,Saluda,2/16/20,0,0
45,Spartanburg,2/16/20,0,0
45,Sumter,2/16/20,0,0
45,Union,2/16/20,0,0
45,Williamsburg,2/16/20,0,0
45,York,2/16/20,0,0
45,Abbeville,2/17/20,0,0
45,Aiken,2/17/20,0,0
45,Allendale,2/17/20,0,0
45,Anderson,2/17/20,0,0
45,Bamberg,2/17/20,0,0
45,Barnwell,2/17/20,0,0
45,Beaufort,2/17/20,0,0
45,Berkeley,2/17/20,0,0
45,Calhoun,2/17/20,0,0
45,Charleston,2/17/20,0,0
45,Cherokee,2/17/20,0,0
45,Chester,2/17/20,0,0
45,Chesterfield,2/17/20,0,0
45,Clarendon,2/17/20,0,0
45,Colleton,2/17/20,0,0
45,Darlington,2/17/20,0,0
45,Dillon,2/17/20,0,0
45,Dorchester,2/17/20,0,0
45,Edgefield,2/17/20,0,0
45,Fairfield,2/17/20,0,0
45,Florence,2/17/20,0,0
45,Georgetown,2/17/20,0,0
45,Greenville,2/17/20,0,0
45,Greenwood,2/17/20,0,0
45,Hampton,2/17/20,0,0
45,Horry,2/17/20,0,0
45,Jasper,2/17/20,0,0
45,Kershaw,2/17/20,0,0
45,Lancaster,2/17/20,0,0
45,Laurens,2/17/20,0,0
45,Lee,2/17/20,0,0
45,Lexington,2/17/20,0,0
45,McCormick,2/17/20,0,0
45,Marion,2/17/20,0,0
45,Marlboro,2/17/20,0,0
45,Newberry,2/17/20,0,0
45,Oconee,2/17/20,0,0
45,Orangeburg,2/17/20,0,0
45,Pickens,2/17/20,0,0
45,Richland,2/17/20,0,0
45,Saluda,2/17/20,0,0
45,Spartanburg,2/17/20,0,0
45,Sumter,2/17/20,0,0
45,Union,2/17/20,0,0
45,Williamsburg,2/17/20,0,0
45,York,2/17/20,0,0
45,Abbeville,2/18/20,0,0
45,Aiken,2/18/20,0,0
45,Allendale,2/18/20,0,0
45,Anderson,2/18/20,0,0
45,Bamberg,2/18/20,0,0
45,Barnwell,2/18/20,0,0
45,Beaufort,2/18/20,0,0
45,Berkeley,2/18/20,0,0
45,Calhoun,2/18/20,0,0
45,Charleston,2/18/20,0,0
45,Cherokee,2/18/20,0,0
45,Chester,2/18/20,0,0
45,Chesterfield,2/18/20,0,0
45,Clarendon,2/18/20,0,0
45,Colleton,2/18/20,0,0
45,Darlington,2/18/20,0,0
45,Dillon,2/18/20,0,0
45,Dorchester,2/18/20,0,0
45,Edgefield,2/18/20,0,0
45,Fairfield,2/18/20,0,0
45,Florence,2/18/20,0,0
45,Georgetown,2/18/20,0,0
45,Greenville,2/18/20,0,0
45,Greenwood,2/18/20,0,0
45,Hampton,2/18/20,0,0
45,Horry,2/18/20,0,0
45,Jasper,2/18/20,0,0
45,Kershaw,2/18/20,0,0
45,Lancaster,2/18/20,0,0
45,Laurens,2/18/20,0,0
45,Lee,2/18/20,0,0
45,Lexington,2/18/20,0,0
45,McCormick,2/18/20,0,0
45,Marion,2/18/20,0,0
45,Marlboro,2/18/20,0,0
45,Newberry,2/18/20,0,0
45,Oconee,2/18/20,0,0
45,Orangeburg,2/18/20,0,0
45,Pickens,2/18/20,0,0
45,Richland,2/18/20,0,0
45,Saluda,2/18/20,0,0
45,Spartanburg,2/18/20,0,0
45,Sumter,2/18/20,0,0
45,Union,2/18/20,0,0
45,Williamsburg,2/18/20,0,0
45,York,2/18/20,0,0
45,Abbeville,2/19/20,0,0
45,Aiken,2/19/20,0,0
45,Allendale,2/19/20,0,0
45,Anderson,2/19/20,0,0
45,Bamberg,2/19/20,0,0
45,Barnwell,2/19/20,0,0
45,Beaufort,2/19/20,0,0
45,Berkeley,2/19/20,0,0
45,Calhoun,2/19/20,0,0
45,Charleston,2/19/20,0,0
45,Cherokee,2/19/20,0,0
45,Chester,2/19/20,0,0
45,Chesterfield,2/19/20,0,0
45,Clarendon,2/19/20,0,0
45,Colleton,2/19/20,0,0
45,Darlington,2/19/20,0,0
45,Dillon,2/19/20,0,0
45,Dorchester,2/19/20,0,0
45,Edgefield,2/19/20,0,0
45,Fairfield,2/19/20,0,0
45,Florence,2/19/20,0,0
45,Georgetown,2/19/20,0,0
45,Greenville,2/19/20,0,0
45,Greenwood,2/19/20,0,0
45,Hampton,2/19/20,0,0
45,Horry,2/19/20,0,0
45,Jasper,2/19/20,0,0
45,Kershaw,2/19/20,0,0
45,Lancaster,2/19/20,0,0
45,Laurens,2/19/20,0,0
45,Lee,2/19/20,0,0
45,Lexington,2/19/20,0,0
45,McCormick,2/19/20,0,0
45,Marion,2/19/20,0,0
45,Marlboro,2/19/20,0,0
45,Newberry,2/19/20,0,0
45,Oconee,2/19/20,0,0
45,Orangeburg,2/19/20,0,0
45,Pickens,2/19/20,0,0
45,Richland,2/19/20,0,0
45,Saluda,2/19/20,0,0
45,Spartanburg,2/19/20,0,0
45,Sumter,2/19/20,0,0
45,Union,2/19/20,0,0
45,Williamsburg,2/19/20,0,0
45,York,2/19/20,0,0
45,Abbeville,2/20/20,0,0
45,Aiken,2/20/20,0,0
45,Allendale,2/20/20,0,0
45,Anderson,2/20/20,0,0
45,Bamberg,2/20/20,0,0
45,Barnwell,2/20/20,0,0
45,Beaufort,2/20/20,0,0
45,Berkeley,2/20/20,0,0
45,Calhoun,2/20/20,0,0
45,Charleston,2/20/20,0,0
45,Cherokee,2/20/20,0,0
45,Chester,2/20/20,0,0
45,Chesterfield,2/20/20,0,0
45,Clarendon,2/20/20,0,0
45,Colleton,2/20/20,0,0
45,Darlington,2/20/20,0,0
45,Dillon,2/20/20,0,0
45,Dorchester,2/20/20,0,0
45,Edgefield,2/20/20,0,0
45,Fairfield,2/20/20,0,0
45,Florence,2/20/20,0,0
45,Georgetown,2/20/20,0,0
45,Greenville,2/20/20,0,0
45,Greenwood,2/20/20,0,0
45,Hampton,2/20/20,0,0
45,Horry,2/20/20,0,0
45,Jasper,2/20/20,0,0
45,Kershaw,2/20/20,0,0
45,Lancaster,2/20/20,0,0
45,Laurens,2/20/20,0,0
45,Lee,2/20/20,0,0
45,Lexington,2/20/20,0,0
45,McCormick,2/20/20,0,0
45,Marion,2/20/20,0,0
45,Marlboro,2/20/20,0,0
45,Newberry,2/20/20,0,0
45,Oconee,2/20/20,0,0
45,Orangeburg,2/20/20,0,0
45,Pickens,2/20/20,0,0
45,Richland,2/20/20,0,0
45,Saluda,2/20/20,0,0
45,Spartanburg,2/20/20,0,0
45,Sumter,2/20/20,0,0
45,Union,2/20/20,0,0
45,Williamsburg,2/20/20,0,0
45,York,2/20/20,0,0
45,Abbeville,2/21/20,0,0
45,Aiken,2/21/20,0,0
45,Allendale,2/21/20,0,0
45,Anderson,2/21/20,0,0
45,Bamberg,2/21/20,0,0
45,Barnwell,2/21/20,0,0
45,Beaufort,2/21/20,0,0
45,Berkeley,2/21/20,0,0
45,Calhoun,2/21/20,0,0
45,Charleston,2/21/20,0,0
45,Cherokee,2/21/20,0,0
45,Chester,2/21/20,0,0
45,Chesterfield,2/21/20,0,0
45,Clarendon,2/21/20,0,0
45,Colleton,2/21/20,0,0
45,Darlington,2/21/20,0,0
45,Dillon,2/21/20,0,0
45,Dorchester,2/21/20,0,0
45,Edgefield,2/21/20,0,0
45,Fairfield,2/21/20,0,0
45,Florence,2/21/20,0,0
45,Georgetown,2/21/20,0,0
45,Greenville,2/21/20,0,0
45,Greenwood,2/21/20,0,0
45,Hampton,2/21/20,0,0
45,Horry,2/21/20,0,0
45,Jasper,2/21/20,0,0
45,Kershaw,2/21/20,0,0
45,Lancaster,2/21/20,0,0
45,Laurens,2/21/20,0,0
45,Lee,2/21/20,0,0
45,Lexington,2/21/20,0,0
45,McCormick,2/21/20,0,0
45,Marion,2/21/20,0,0
45,Marlboro,2/21/20,0,0
45,Newberry,2/21/20,0,0
45,Oconee,2/21/20,0,0
45,Orangeburg,2/21/20,0,0
45,Pickens,2/21/20,0,0
45,Richland,2/21/20,0,0
45,Saluda,2/21/20,0,0
45,Spartanburg,2/21/20,0,0
45,Sumter,2/21/20,0,0
45,Union,2/21/20,0,0
45,Williamsburg,2/21/20,0,0
45,York,2/21/20,0,0
45,Abbeville,2/22/20,0,0
45,Aiken,2/22/20,0,0
45,Allendale,2/22/20,0,0
45,Anderson,2/22/20,0,0
45,Bamberg,2/22/20,0,0
45,Barnwell,2/22/20,0,0
45,Beaufort,2/22/20,0,0
45,Berkeley,2/22/20,0,0
45,Calhoun,2/22/20,0,0
45,Charleston,2/22/20,0,0
45,Cherokee,2/22/20,0,0
45,Chester,2/22/20,0,0
45,Chesterfield,2/22/20,0,0
45,Clarendon,2/22/20,0,0
45,Colleton,2/22/20,0,0
45,Darlington,2/22/20,0,0
45,Dillon,2/22/20,0,0
45,Dorchester,2/22/20,0,0
45,Edgefield,2/22/20,0,0
45,Fairfield,2/22/20,0,0
45,Florence,2/22/20,0,0
45,Georgetown,2/22/20,0,0
45,Greenville,2/22/20,0,0
45,Greenwood,2/22/20,0,0
45,Hampton,2/22/20,0,0
45,Horry,2/22/20,0,0
45,Jasper,2/22/20,0,0
45,Kershaw,2/22/20,0,0
45,Lancaster,2/22/20,0,0
45,Laurens,2/22/20,0,0
45,Lee,2/22/20,0,0
45,Lexington,2/22/20,0,0
45,McCormick,2/22/20,0,0
45,Marion,2/22/20,0,0
45,Marlboro,2/22/20,0,0
45,Newberry,2/22/20,0,0
45,Oconee,2/22/20,0,0
45,Orangeburg,2/22/20,0,0
45,Pickens,2/22/20,0,0
45,Richland,2/22/20,0,0
45,Saluda,2/22/20,0,0
45,Spartanburg,2/22/20,0,0
45,Sumter,2/22/20,0,0
45,Union,2/22/20,0,0
45,Williamsburg,2/22/20,0,0
45,York,2/22/20,0,0
45,Abbeville,2/23/20,0,0
45,Aiken,2/23/20,0,0
45,Allendale,2/23/20,0,0
45,Anderson,2/23/20,0,0
45,Bamberg,2/23/20,0,0
45,Barnwell,2/23/20,0,0
45,Beaufort,2/23/20,0,0
45,Berkeley,2/23/20,0,0
45,Calhoun,2/23/20,0,0
45,Charleston,2/23/20,0,0
45,Cherokee,2/23/20,0,0
45,Chester,2/23/20,0,0
45,Chesterfield,2/23/20,0,0
45,Clarendon,2/23/20,0,0
45,Colleton,2/23/20,0,0
45,Darlington,2/23/20,0,0
45,Dillon,2/23/20,0,0
45,Dorchester,2/23/20,0,0
45,Edgefield,2/23/20,0,0
45,Fairfield,2/23/20,0,0
45,Florence,2/23/20,0,0
45,Georgetown,2/23/20,0,0
45,Greenville,2/23/20,0,0
45,Greenwood,2/23/20,0,0
45,Hampton,2/23/20,0,0
45,Horry,2/23/20,0,0
45,Jasper,2/23/20,0,0
45,Kershaw,2/23/20,0,0
45,Lancaster,2/23/20,0,0
45,Laurens,2/23/20,0,0
45,Lee,2/23/20,0,0
45,Lexington,2/23/20,0,0
45,McCormick,2/23/20,0,0
45,Marion,2/23/20,0,0
45,Marlboro,2/23/20,0,0
45,Newberry,2/23/20,0,0
45,Oconee,2/23/20,0,0
45,Orangeburg,2/23/20,0,0
45,Pickens,2/23/20,0,0
45,Richland,2/23/20,0,0
45,Saluda,2/23/20,0,0
45,Spartanburg,2/23/20,0,0
45,Sumter,2/23/20,0,0
45,Union,2/23/20,0,0
45,Williamsburg,2/23/20,0,0
45,York,2/23/20,0,0
45,Abbeville,2/24/20,0,0
45,Aiken,2/24/20,0,0
45,Allendale,2/24/20,0,0
45,Anderson,2/24/20,0,0
45,Bamberg,2/24/20,0,0
45,Barnwell,2/24/20,0,0
45,Beaufort,2/24/20,0,0
45,Berkeley,2/24/20,0,0
45,Calhoun,2/24/20,0,0
45,Charleston,2/24/20,0,0
45,Cherokee,2/24/20,0,0
45,Chester,2/24/20,0,0
45,Chesterfield,2/24/20,0,0
45,Clarendon,2/24/20,0,0
45,Colleton,2/24/20,0,0
45,Darlington,2/24/20,0,0
45,Dillon,2/24/20,0,0
45,Dorchester,2/24/20,0,0
45,Edgefield,2/24/20,0,0
45,Fairfield,2/24/20,0,0
45,Florence,2/24/20,0,0
45,Georgetown,2/24/20,0,0
45,Greenville,2/24/20,0,0
45,Greenwood,2/24/20,0,0
45,Hampton,2/24/20,0,0
45,Horry,2/24/20,0,0
45,Jasper,2/24/20,0,0
45,Kershaw,2/24/20,0,0
45,Lancaster,2/24/20,0,0
45,Laurens,2/24/20,0,0
45,Lee,2/24/20,0,0
45,Lexington,2/24/20,0,0
45,McCormick,2/24/20,0,0
45,Marion,2/24/20,0,0
45,Marlboro,2/24/20,0,0
45,Newberry,2/24/20,0,0
45,Oconee,2/24/20,0,0
45,Orangeburg,2/24/20,0,0
45,Pickens,2/24/20,0,0
45,Richland,2/24/20,0,0
45,Saluda,2/24/20,0,0
45,Spartanburg,2/24/20,0,0
45,Sumter,2/24/20,0,0
45,Union,2/24/20,0,0
45,Williamsburg,2/24/20,0,0
45,York,2/24/20,0,0
45,Abbeville,2/25/20,0,0
45,Aiken,2/25/20,0,0
45,Allendale,2/25/20,0,0
45,Anderson,2/25/20,0,0
45,Bamberg,2/25/20,0,0
45,Barnwell,2/25/20,0,0
45,Beaufort,2/25/20,0,0
45,Berkeley,2/25/20,0,0
45,Calhoun,2/25/20,0,0
45,Charleston,2/25/20,0,0
45,Cherokee,2/25/20,0,0
45,Chester,2/25/20,0,0
45,Chesterfield,2/25/20,0,0
45,Clarendon,2/25/20,0,0
45,Colleton,2/25/20,0,0
45,Darlington,2/25/20,0,0
45,Dillon,2/25/20,0,0
45,Dorchester,2/25/20,0,0
45,Edgefield,2/25/20,0,0
45,Fairfield,2/25/20,0,0
45,Florence,2/25/20,0,0
45,Georgetown,2/25/20,0,0
45,Greenville,2/25/20,0,0
45,Greenwood,2/25/20,0,0
45,Hampton,2/25/20,0,0
45,Horry,2/25/20,0,0
45,Jasper,2/25/20,0,0
45,Kershaw,2/25/20,0,0
45,Lancaster,2/25/20,0,0
45,Laurens,2/25/20,0,0
45,Lee,2/25/20,0,0
45,Lexington,2/25/20,0,0
45,McCormick,2/25/20,0,0
45,Marion,2/25/20,0,0
45,Marlboro,2/25/20,0,0
45,Newberry,2/25/20,0,0
45,Oconee,2/25/20,0,0
45,Orangeburg,2/25/20,0,0
45,Pickens,2/25/20,0,0
45,Richland,2/25/20,0,0
45,Saluda,2/25/20,0,0
45,Spartanburg,2/25/20,0,0
45,Sumter,2/25/20,0,0
45,Union,2/25/20,0,0
45,Williamsburg,2/25/20,0,0
45,York,2/25/20,0,0
45,Abbeville,2/26/20,0,0
45,Aiken,2/26/20,0,0
45,Allendale,2/26/20,0,0
45,Anderson,2/26/20,0,0
45,Bamberg,2/26/20,0,0
45,Barnwell,2/26/20,0,0
45,Beaufort,2/26/20,0,0
45,Berkeley,2/26/20,0,0
45,Calhoun,2/26/20,0,0
45,Charleston,2/26/20,0,0
45,Cherokee,2/26/20,0,0
45,Chester,2/26/20,0,0
45,Chesterfield,2/26/20,0,0
45,Clarendon,2/26/20,0,0
45,Colleton,2/26/20,0,0
45,Darlington,2/26/20,0,0
45,Dillon,2/26/20,0,0
45,Dorchester,2/26/20,0,0
45,Edgefield,2/26/20,0,0
45,Fairfield,2/26/20,0,0
45,Florence,2/26/20,0,0
45,Georgetown,2/26/20,0,0
45,Greenville,2/26/20,0,0
45,Greenwood,2/26/20,0,0
45,Hampton,2/26/20,0,0
45,Horry,2/26/20,0,0
45,Jasper,2/26/20,0,0
45,Kershaw,2/26/20,0,0
45,Lancaster,2/26/20,0,0
45,Laurens,2/26/20,0,0
45,Lee,2/26/20,0,0
45,Lexington,2/26/20,0,0
45,McCormick,2/26/20,0,0
45,Marion,2/26/20,0,0
45,Marlboro,2/26/20,0,0
45,Newberry,2/26/20,0,0
45,Oconee,2/26/20,0,0
45,Orangeburg,2/26/20,0,0
45,Pickens,2/26/20,0,0
45,Richland,2/26/20,0,0
45,Saluda,2/26/20,0,0
45,Spartanburg,2/26/20,0,0
45,Sumter,2/26/20,0,0
45,Union,2/26/20,0,0
45,Williamsburg,2/26/20,0,0
45,York,2/26/20,0,0
45,Abbeville,2/27/20,0,0
45,Aiken,2/27/20,0,0
45,Allendale,2/27/20,0,0
45,Anderson,2/27/20,0,0
45,Bamberg,2/27/20,0,0
45,Barnwell,2/27/20,0,0
45,Beaufort,2/27/20,0,0
45,Berkeley,2/27/20,0,0
45,Calhoun,2/27/20,0,0
45,Charleston,2/27/20,0,0
45,Cherokee,2/27/20,0,0
45,Chester,2/27/20,0,0
45,Chesterfield,2/27/20,0,0
45,Clarendon,2/27/20,0,0
45,Colleton,2/27/20,0,0
45,Darlington,2/27/20,0,0
45,Dillon,2/27/20,0,0
45,Dorchester,2/27/20,0,0
45,Edgefield,2/27/20,0,0
45,Fairfield,2/27/20,0,0
45,Florence,2/27/20,0,0
45,Georgetown,2/27/20,0,0
45,Greenville,2/27/20,0,0
45,Greenwood,2/27/20,0,0
45,Hampton,2/27/20,0,0
45,Horry,2/27/20,0,0
45,Jasper,2/27/20,0,0
45,Kershaw,2/27/20,0,0
45,Lancaster,2/27/20,0,0
45,Laurens,2/27/20,0,0
45,Lee,2/27/20,0,0
45,Lexington,2/27/20,0,0
45,McCormick,2/27/20,0,0
45,Marion,2/27/20,0,0
45,Marlboro,2/27/20,0,0
45,Newberry,2/27/20,0,0
45,Oconee,2/27/20,0,0
45,Orangeburg,2/27/20,0,0
45,Pickens,2/27/20,0,0
45,Richland,2/27/20,0,0
45,Saluda,2/27/20,0,0
45,Spartanburg,2/27/20,0,0
45,Sumter,2/27/20,0,0
45,Union,2/27/20,0,0
45,Williamsburg,2/27/20,0,0
45,York,2/27/20,0,0
45,Abbeville,2/28/20,0,0
45,Aiken,2/28/20,0,0
45,Allendale,2/28/20,0,0
45,Anderson,2/28/20,0,0
45,Bamberg,2/28/20,0,0
45,Barnwell,2/28/20,0,0
45,Beaufort,2/28/20,0,0
45,Berkeley,2/28/20,0,0
45,Calhoun,2/28/20,0,0
45,Charleston,2/28/20,0,0
45,Cherokee,2/28/20,0,0
45,Chester,2/28/20,0,0
45,Chesterfield,2/28/20,0,0
45,Clarendon,2/28/20,0,0
45,Colleton,2/28/20,0,0
45,Darlington,2/28/20,0,0
45,Dillon,2/28/20,0,0
45,Dorchester,2/28/20,0,0
45,Edgefield,2/28/20,0,0
45,Fairfield,2/28/20,0,0
45,Florence,2/28/20,0,0
45,Georgetown,2/28/20,0,0
45,Greenville,2/28/20,0,0
45,Greenwood,2/28/20,0,0
45,Hampton,2/28/20,0,0
45,Horry,2/28/20,0,0
45,Jasper,2/28/20,0,0
45,Kershaw,2/28/20,0,0
45,Lancaster,2/28/20,0,0
45,Laurens,2/28/20,0,0
45,Lee,2/28/20,0,0
45,Lexington,2/28/20,0,0
45,McCormick,2/28/20,0,0
45,Marion,2/28/20,0,0
45,Marlboro,2/28/20,0,0
45,Newberry,2/28/20,0,0
45,Oconee,2/28/20,0,0
45,Orangeburg,2/28/20,0,0
45,Pickens,2/28/20,0,0
45,Richland,2/28/20,0,0
45,Saluda,2/28/20,0,0
45,Spartanburg,2/28/20,0,0
45,Sumter,2/28/20,0,0
45,Union,2/28/20,0,0
45,Williamsburg,2/28/20,0,0
45,York,2/28/20,0,0
45,Abbeville,2/29/20,0,0
45,Aiken,2/29/20,0,0
45,Allendale,2/29/20,0,0
45,Anderson,2/29/20,0,0
45,Bamberg,2/29/20,0,0
45,Barnwell,2/29/20,0,0
45,Beaufort,2/29/20,0,0
45,Berkeley,2/29/20,0,0
45,Calhoun,2/29/20,0,0
45,Charleston,2/29/20,0,0
45,Cherokee,2/29/20,0,0
45,Chester,2/29/20,0,0
45,Chesterfield,2/29/20,0,0
45,Clarendon,2/29/20,0,0
45,Colleton,2/29/20,0,0
45,Darlington,2/29/20,0,0
45,Dillon,2/29/20,0,0
45,Dorchester,2/29/20,0,0
45,Edgefield,2/29/20,0,0
45,Fairfield,2/29/20,0,0
45,Florence,2/29/20,0,0
45,Georgetown,2/29/20,0,0
45,Greenville,2/29/20,0,0
45,Greenwood,2/29/20,0,0
45,Hampton,2/29/20,0,0
45,Horry,2/29/20,0,0
45,Jasper,2/29/20,0,0
45,Kershaw,2/29/20,0,0
45,Lancaster,2/29/20,0,0
45,Laurens,2/29/20,0,0
45,Lee,2/29/20,0,0
45,Lexington,2/29/20,0,0
45,McCormick,2/29/20,0,0
45,Marion,2/29/20,0,0
45,Marlboro,2/29/20,0,0
45,Newberry,2/29/20,0,0
45,Oconee,2/29/20,0,0
45,Orangeburg,2/29/20,0,0
45,Pickens,2/29/20,0,0
45,Richland,2/29/20,0,0
45,Saluda,2/29/20,0,0
45,Spartanburg,2/29/20,0,0
45,Sumter,2/29/20,0,0
45,Union,2/29/20,0,0
45,Williamsburg,2/29/20,0,0
45,York,2/29/20,0,0
45,Abbeville,3/1/20,0,0
45,Aiken,3/1/20,0,0
45,Allendale,3/1/20,0,0
45,Anderson,3/1/20,0,0
45,Bamberg,3/1/20,0,0
45,Barnwell,3/1/20,0,0
45,Beaufort,3/1/20,0,0
45,Berkeley,3/1/20,0,0
45,Calhoun,3/1/20,0,0
45,Charleston,3/1/20,0,0
45,Cherokee,3/1/20,0,0
45,Chester,3/1/20,0,0
45,Chesterfield,3/1/20,0,0
45,Clarendon,3/1/20,0,0
45,Colleton,3/1/20,0,0
45,Darlington,3/1/20,0,0
45,Dillon,3/1/20,0,0
45,Dorchester,3/1/20,0,0
45,Edgefield,3/1/20,0,0
45,Fairfield,3/1/20,0,0
45,Florence,3/1/20,0,0
45,Georgetown,3/1/20,0,0
45,Greenville,3/1/20,0,0
45,Greenwood,3/1/20,0,0
45,Hampton,3/1/20,0,0
45,Horry,3/1/20,0,0
45,Jasper,3/1/20,0,0
45,Kershaw,3/1/20,0,0
45,Lancaster,3/1/20,0,0
45,Laurens,3/1/20,0,0
45,Lee,3/1/20,0,0
45,Lexington,3/1/20,0,0
45,McCormick,3/1/20,0,0
45,Marion,3/1/20,0,0
45,Marlboro,3/1/20,0,0
45,Newberry,3/1/20,0,0
45,Oconee,3/1/20,0,0
45,Orangeburg,3/1/20,0,0
45,Pickens,3/1/20,0,0
45,Richland,3/1/20,0,0
45,Saluda,3/1/20,0,0
45,Spartanburg,3/1/20,0,0
45,Sumter,3/1/20,0,0
45,Union,3/1/20,0,0
45,Williamsburg,3/1/20,0,0
45,York,3/1/20,0,0
45,Abbeville,3/2/20,0,0
45,Aiken,3/2/20,0,0
45,Allendale,3/2/20,0,0
45,Anderson,3/2/20,0,0
45,Bamberg,3/2/20,0,0
45,Barnwell,3/2/20,0,0
45,Beaufort,3/2/20,0,0
45,Berkeley,3/2/20,0,0
45,Calhoun,3/2/20,0,0
45,Charleston,3/2/20,0,0
45,Cherokee,3/2/20,0,0
45,Chester,3/2/20,0,0
45,Chesterfield,3/2/20,0,0
45,Clarendon,3/2/20,0,0
45,Colleton,3/2/20,0,0
45,Darlington,3/2/20,0,0
45,Dillon,3/2/20,0,0
45,Dorchester,3/2/20,0,0
45,Edgefield,3/2/20,0,0
45,Fairfield,3/2/20,0,0
45,Florence,3/2/20,0,0
45,Georgetown,3/2/20,0,0
45,Greenville,3/2/20,0,0
45,Greenwood,3/2/20,0,0
45,Hampton,3/2/20,0,0
45,Horry,3/2/20,0,0
45,Jasper,3/2/20,0,0
45,Kershaw,3/2/20,0,0
45,Lancaster,3/2/20,0,0
45,Laurens,3/2/20,0,0
45,Lee,3/2/20,0,0
45,Lexington,3/2/20,0,0
45,McCormick,3/2/20,0,0
45,Marion,3/2/20,0,0
45,Marlboro,3/2/20,0,0
45,Newberry,3/2/20,0,0
45,Oconee,3/2/20,0,0
45,Orangeburg,3/2/20,0,0
45,Pickens,3/2/20,0,0
45,Richland,3/2/20,0,0
45,Saluda,3/2/20,0,0
45,Spartanburg,3/2/20,0,0
45,Sumter,3/2/20,0,0
45,Union,3/2/20,0,0
45,Williamsburg,3/2/20,0,0
45,York,3/2/20,0,0
45,Abbeville,3/3/20,0,0
45,Aiken,3/3/20,0,0
45,Allendale,3/3/20,0,0
45,Anderson,3/3/20,0,0
45,Bamberg,3/3/20,0,0
45,Barnwell,3/3/20,0,0
45,Beaufort,3/3/20,0,0
45,Berkeley,3/3/20,0,0
45,Calhoun,3/3/20,0,0
45,Charleston,3/3/20,0,0
45,Cherokee,3/3/20,0,0
45,Chester,3/3/20,0,0
45,Chesterfield,3/3/20,0,0
45,Clarendon,3/3/20,0,0
45,Colleton,3/3/20,0,0
45,Darlington,3/3/20,0,0
45,Dillon,3/3/20,0,0
45,Dorchester,3/3/20,0,0
45,Edgefield,3/3/20,0,0
45,Fairfield,3/3/20,0,0
45,Florence,3/3/20,0,0
45,Georgetown,3/3/20,0,0
45,Greenville,3/3/20,0,0
45,Greenwood,3/3/20,0,0
45,Hampton,3/3/20,0,0
45,Horry,3/3/20,0,0
45,Jasper,3/3/20,0,0
45,Kershaw,3/3/20,0,0
45,Lancaster,3/3/20,0,0
45,Laurens,3/3/20,0,0
45,Lee,3/3/20,0,0
45,Lexington,3/3/20,0,0
45,McCormick,3/3/20,0,0
45,Marion,3/3/20,0,0
45,Marlboro,3/3/20,0,0
45,Newberry,3/3/20,0,0
45,Oconee,3/3/20,0,0
45,Orangeburg,3/3/20,0,0
45,Pickens,3/3/20,0,0
45,Richland,3/3/20,0,0
45,Saluda,3/3/20,0,0
45,Spartanburg,3/3/20,0,0
45,Sumter,3/3/20,0,0
45,Union,3/3/20,0,0
45,Williamsburg,3/3/20,0,0
45,York,3/3/20,0,0
45,Abbeville,3/4/20,0,0
45,Aiken,3/4/20,0,0
45,Allendale,3/4/20,0,0
45,Anderson,3/4/20,0,0
45,Bamberg,3/4/20,0,0
45,Barnwell,3/4/20,0,0
45,Beaufort,3/4/20,0,0
45,Berkeley,3/4/20,0,0
45,Calhoun,3/4/20,0,0
45,Charleston,3/4/20,0,0
45,Cherokee,3/4/20,0,0
45,Chester,3/4/20,0,0
45,Chesterfield,3/4/20,0,0
45,Clarendon,3/4/20,0,0
45,Colleton,3/4/20,0,0
45,Darlington,3/4/20,0,0
45,Dillon,3/4/20,0,0
45,Dorchester,3/4/20,0,0
45,Edgefield,3/4/20,0,0
45,Fairfield,3/4/20,0,0
45,Florence,3/4/20,0,0
45,Georgetown,3/4/20,0,0
45,Greenville,3/4/20,0,0
45,Greenwood,3/4/20,0,0
45,Hampton,3/4/20,0,0
45,Horry,3/4/20,0,0
45,Jasper,3/4/20,0,0
45,Kershaw,3/4/20,0,0
45,Lancaster,3/4/20,0,0
45,Laurens,3/4/20,0,0
45,Lee,3/4/20,0,0
45,Lexington,3/4/20,0,0
45,McCormick,3/4/20,0,0
45,Marion,3/4/20,0,0
45,Marlboro,3/4/20,0,0
45,Newberry,3/4/20,0,0
45,Oconee,3/4/20,0,0
45,Orangeburg,3/4/20,0,0
45,Pickens,3/4/20,0,0
45,Richland,3/4/20,0,0
45,Saluda,3/4/20,0,0
45,Spartanburg,3/4/20,0,0
45,Sumter,3/4/20,0,0
45,Union,3/4/20,0,0
45,Williamsburg,3/4/20,0,0
45,York,3/4/20,0,0
45,Abbeville,3/5/20,0,0
45,Aiken,3/5/20,0,0
45,Allendale,3/5/20,0,0
45,Anderson,3/5/20,0,0
45,Bamberg,3/5/20,0,0
45,Barnwell,3/5/20,0,0
45,Beaufort,3/5/20,0,0
45,Berkeley,3/5/20,0,0
45,Calhoun,3/5/20,0,0
45,Charleston,3/5/20,0,0
45,Cherokee,3/5/20,0,0
45,Chester,3/5/20,0,0
45,Chesterfield,3/5/20,0,0
45,Clarendon,3/5/20,0,0
45,Colleton,3/5/20,0,0
45,Darlington,3/5/20,0,0
45,Dillon,3/5/20,0,0
45,Dorchester,3/5/20,0,0
45,Edgefield,3/5/20,0,0
45,Fairfield,3/5/20,0,0
45,Florence,3/5/20,0,0
45,Georgetown,3/5/20,0,0
45,Greenville,3/5/20,0,0
45,Greenwood,3/5/20,0,0
45,Hampton,3/5/20,0,0
45,Horry,3/5/20,0,0
45,Jasper,3/5/20,0,0
45,Kershaw,3/5/20,0,0
45,Lancaster,3/5/20,0,0
45,Laurens,3/5/20,0,0
45,Lee,3/5/20,0,0
45,Lexington,3/5/20,0,0
45,McCormick,3/5/20,0,0
45,Marion,3/5/20,0,0
45,Marlboro,3/5/20,0,0
45,Newberry,3/5/20,0,0
45,Oconee,3/5/20,0,0
45,Orangeburg,3/5/20,0,0
45,Pickens,3/5/20,0,0
45,Richland,3/5/20,0,0
45,Saluda,3/5/20,0,0
45,Spartanburg,3/5/20,0,0
45,Sumter,3/5/20,0,0
45,Union,3/5/20,0,0
45,Williamsburg,3/5/20,0,0
45,York,3/5/20,0,0
45,Abbeville,3/6/20,0,0
45,Aiken,3/6/20,0,0
45,Allendale,3/6/20,0,0
45,Anderson,3/6/20,0,0
45,Bamberg,3/6/20,0,0
45,Barnwell,3/6/20,0,0
45,Beaufort,3/6/20,0,0
45,Berkeley,3/6/20,0,0
45,Calhoun,3/6/20,0,0
45,Charleston,3/6/20,0,0
45,Cherokee,3/6/20,0,0
45,Chester,3/6/20,0,0
45,Chesterfield,3/6/20,0,0
45,Clarendon,3/6/20,0,0
45,Colleton,3/6/20,0,0
45,Darlington,3/6/20,0,0
45,Dillon,3/6/20,0,0
45,Dorchester,3/6/20,0,0
45,Edgefield,3/6/20,0,0
45,Fairfield,3/6/20,0,0
45,Florence,3/6/20,0,0
45,Georgetown,3/6/20,0,0
45,Greenville,3/6/20,0,0
45,Greenwood,3/6/20,0,0
45,Hampton,3/6/20,0,0
45,Horry,3/6/20,0,0
45,Jasper,3/6/20,0,0
45,Kershaw,3/6/20,0,0
45,Lancaster,3/6/20,0,0
45,Laurens,3/6/20,0,0
45,Lee,3/6/20,0,0
45,Lexington,3/6/20,0,0
45,McCormick,3/6/20,0,0
45,Marion,3/6/20,0,0
45,Marlboro,3/6/20,0,0
45,Newberry,3/6/20,0,0
45,Oconee,3/6/20,0,0
45,Orangeburg,3/6/20,0,0
45,Pickens,3/6/20,0,0
45,Richland,3/6/20,0,0
45,Saluda,3/6/20,0,0
45,Spartanburg,3/6/20,0,0
45,Sumter,3/6/20,0,0
45,Union,3/6/20,0,0
45,Williamsburg,3/6/20,0,0
45,York,3/6/20,0,0
45,Abbeville,3/7/20,0,0
45,Aiken,3/7/20,0,0
45,Allendale,3/7/20,0,0
45,Anderson,3/7/20,0,0
45,Bamberg,3/7/20,0,0
45,Barnwell,3/7/20,0,0
45,Beaufort,3/7/20,0,0
45,Berkeley,3/7/20,0,0
45,Calhoun,3/7/20,0,0
45,Charleston,3/7/20,1,0
45,Cherokee,3/7/20,0,0
45,Chester,3/7/20,0,0
45,Chesterfield,3/7/20,0,0
45,Clarendon,3/7/20,0,0
45,Colleton,3/7/20,0,0
45,Darlington,3/7/20,0,0
45,Dillon,3/7/20,0,0
45,Dorchester,3/7/20,0,0
45,Edgefield,3/7/20,0,0
45,Fairfield,3/7/20,0,0
45,Florence,3/7/20,0,0
45,Georgetown,3/7/20,0,0
45,Greenville,3/7/20,0,0
45,Greenwood,3/7/20,0,0
45,Hampton,3/7/20,0,0
45,Horry,3/7/20,0,0
45,Jasper,3/7/20,0,0
45,Kershaw,3/7/20,1,0
45,Lancaster,3/7/20,0,0
45,Laurens,3/7/20,0,0
45,Lee,3/7/20,0,0
45,Lexington,3/7/20,0,0
45,McCormick,3/7/20,0,0
45,Marion,3/7/20,0,0
45,Marlboro,3/7/20,0,0
45,Newberry,3/7/20,0,0
45,Oconee,3/7/20,0,0
45,Orangeburg,3/7/20,0,0
45,Pickens,3/7/20,0,0
45,Richland,3/7/20,0,0
45,Saluda,3/7/20,0,0
45,Spartanburg,3/7/20,0,0
45,Sumter,3/7/20,0,0
45,Union,3/7/20,0,0
45,Williamsburg,3/7/20,0,0
45,York,3/7/20,0,0
45,Abbeville,3/8/20,0,0
45,Aiken,3/8/20,0,0
45,Allendale,3/8/20,0,0
45,Anderson,3/8/20,0,0
45,Bamberg,3/8/20,0,0
45,Barnwell,3/8/20,0,0
45,Beaufort,3/8/20,0,0
45,Berkeley,3/8/20,0,0
45,Calhoun,3/8/20,0,0
45,Charleston,3/8/20,1,0
45,Cherokee,3/8/20,0,0
45,Chester,3/8/20,0,0
45,Chesterfield,3/8/20,0,0
45,Clarendon,3/8/20,0,0
45,Colleton,3/8/20,0,0
45,Darlington,3/8/20,0,0
45,Dillon,3/8/20,0,0
45,Dorchester,3/8/20,0,0
45,Edgefield,3/8/20,0,0
45,Fairfield,3/8/20,0,0
45,Florence,3/8/20,0,0
45,Georgetown,3/8/20,0,0
45,Greenville,3/8/20,0,0
45,Greenwood,3/8/20,0,0
45,Hampton,3/8/20,0,0
45,Horry,3/8/20,0,0
45,Jasper,3/8/20,0,0
45,Kershaw,3/8/20,1,0
45,Lancaster,3/8/20,0,0
45,Laurens,3/8/20,0,0
45,Lee,3/8/20,0,0
45,Lexington,3/8/20,0,0
45,McCormick,3/8/20,0,0
45,Marion,3/8/20,0,0
45,Marlboro,3/8/20,0,0
45,Newberry,3/8/20,0,0
45,Oconee,3/8/20,0,0
45,Orangeburg,3/8/20,0,0
45,Pickens,3/8/20,0,0
45,Richland,3/8/20,0,0
45,Saluda,3/8/20,0,0
45,Spartanburg,3/8/20,0,0
45,Sumter,3/8/20,0,0
45,Union,3/8/20,0,0
45,Williamsburg,3/8/20,0,0
45,York,3/8/20,0,0
45,Abbeville,3/9/20,0,0
45,Aiken,3/9/20,0,0
45,Allendale,3/9/20,0,0
45,Anderson,3/9/20,0,0
45,Bamberg,3/9/20,0,0
45,Barnwell,3/9/20,0,0
45,Beaufort,3/9/20,0,0
45,Berkeley,3/9/20,0,0
45,Calhoun,3/9/20,0,0
45,Charleston,3/9/20,1,0
45,Cherokee,3/9/20,0,0
45,Chester,3/9/20,0,0
45,Chesterfield,3/9/20,0,0
45,Clarendon,3/9/20,0,0
45,Colleton,3/9/20,0,0
45,Darlington,3/9/20,0,0
45,Dillon,3/9/20,0,0
45,Dorchester,3/9/20,0,0
45,Edgefield,3/9/20,0,0
45,Fairfield,3/9/20,0,0
45,Florence,3/9/20,0,0
45,Georgetown,3/9/20,0,0
45,Greenville,3/9/20,0,0
45,Greenwood,3/9/20,0,0
45,Hampton,3/9/20,0,0
45,Horry,3/9/20,0,0
45,Jasper,3/9/20,0,0
45,Kershaw,3/9/20,1,0
45,Lancaster,3/9/20,0,0
45,Laurens,3/9/20,0,0
45,Lee,3/9/20,0,0
45,Lexington,3/9/20,0,0
45,McCormick,3/9/20,0,0
45,Marion,3/9/20,0,0
45,Marlboro,3/9/20,0,0
45,Newberry,3/9/20,0,0
45,Oconee,3/9/20,0,0
45,Orangeburg,3/9/20,0,0
45,Pickens,3/9/20,0,0
45,Richland,3/9/20,0,0
45,Saluda,3/9/20,0,0
45,Spartanburg,3/9/20,1,0
45,Sumter,3/9/20,0,0
45,Union,3/9/20,0,0
45,Williamsburg,3/9/20,0,0
45,York,3/9/20,0,0
45,Abbeville,3/10/20,0,0
45,Aiken,3/10/20,0,0
45,Allendale,3/10/20,0,0
45,Anderson,3/10/20,0,0
45,Bamberg,3/10/20,0,0
45,Barnwell,3/10/20,0,0
45,Beaufort,3/10/20,0,0
45,Berkeley,3/10/20,0,0
45,Calhoun,3/10/20,0,0
45,Charleston,3/10/20,1,0
45,Cherokee,3/10/20,0,0
45,Chester,3/10/20,0,0
45,Chesterfield,3/10/20,0,0
45,Clarendon,3/10/20,0,0
45,Colleton,3/10/20,0,0
45,Darlington,3/10/20,0,0
45,Dillon,3/10/20,0,0
45,Dorchester,3/10/20,0,0
45,Edgefield,3/10/20,0,0
45,Fairfield,3/10/20,0,0
45,Florence,3/10/20,0,0
45,Georgetown,3/10/20,0,0
45,Greenville,3/10/20,0,0
45,Greenwood,3/10/20,0,0
45,Hampton,3/10/20,0,0
45,Horry,3/10/20,0,0
45,Jasper,3/10/20,0,0
45,Kershaw,3/10/20,5,0
45,Lancaster,3/10/20,0,0
45,Laurens,3/10/20,0,0
45,Lee,3/10/20,0,0
45,Lexington,3/10/20,0,0
45,McCormick,3/10/20,0,0
45,Marion,3/10/20,0,0
45,Marlboro,3/10/20,0,0
45,Newberry,3/10/20,0,0
45,Oconee,3/10/20,0,0
45,Orangeburg,3/10/20,0,0
45,Pickens,3/10/20,0,0
45,Richland,3/10/20,0,0
45,Saluda,3/10/20,0,0
45,Spartanburg,3/10/20,1,0
45,Sumter,3/10/20,0,0
45,Union,3/10/20,0,0
45,Williamsburg,3/10/20,0,0
45,York,3/10/20,0,0
45,Abbeville,3/11/20,0,0
45,Aiken,3/11/20,0,0
45,Allendale,3/11/20,0,0
45,Anderson,3/11/20,0,0
45,Bamberg,3/11/20,0,0
45,Barnwell,3/11/20,0,0
45,Beaufort,3/11/20,0,0
45,Berkeley,3/11/20,0,0
45,Calhoun,3/11/20,0,0
45,Charleston,3/11/20,1,0
45,Cherokee,3/11/20,0,0
45,Chester,3/11/20,0,0
45,Chesterfield,3/11/20,0,0
45,Clarendon,3/11/20,0,0
45,Colleton,3/11/20,0,0
45,Darlington,3/11/20,0,0
45,Dillon,3/11/20,0,0
45,Dorchester,3/11/20,0,0
45,Edgefield,3/11/20,0,0
45,Fairfield,3/11/20,0,0
45,Florence,3/11/20,0,0
45,Georgetown,3/11/20,0,0
45,Greenville,3/11/20,0,0
45,Greenwood,3/11/20,0,0
45,Hampton,3/11/20,0,0
45,Horry,3/11/20,0,0
45,Jasper,3/11/20,0,0
45,Kershaw,3/11/20,7,0
45,Lancaster,3/11/20,1,0
45,Laurens,3/11/20,0,0
45,Lee,3/11/20,0,0
45,Lexington,3/11/20,0,0
45,McCormick,3/11/20,0,0
45,Marion,3/11/20,0,0
45,Marlboro,3/11/20,0,0
45,Newberry,3/11/20,0,0
45,Oconee,3/11/20,0,0
45,Orangeburg,3/11/20,0,0
45,Pickens,3/11/20,0,0
45,Richland,3/11/20,0,0
45,Saluda,3/11/20,0,0
45,Spartanburg,3/11/20,1,0
45,Sumter,3/11/20,0,0
45,Union,3/11/20,0,0
45,Williamsburg,3/11/20,0,0
45,York,3/11/20,0,0
45,Abbeville,3/12/20,0,0
45,Aiken,3/12/20,0,0
45,Allendale,3/12/20,0,0
45,Anderson,3/12/20,0,0
45,Bamberg,3/12/20,0,0
45,Barnwell,3/12/20,0,0
45,Beaufort,3/12/20,0,0
45,Berkeley,3/12/20,0,0
45,Calhoun,3/12/20,0,0
45,Charleston,3/12/20,1,0
45,Cherokee,3/12/20,0,0
45,Chester,3/12/20,0,0
45,Chesterfield,3/12/20,0,0
45,Clarendon,3/12/20,0,0
45,Colleton,3/12/20,0,0
45,Darlington,3/12/20,0,0
45,Dillon,3/12/20,0,0
45,Dorchester,3/12/20,0,0
45,Edgefield,3/12/20,0,0
45,Fairfield,3/12/20,0,0
45,Florence,3/12/20,0,0
45,Georgetown,3/12/20,0,0
45,Greenville,3/12/20,0,0
45,Greenwood,3/12/20,0,0
45,Hampton,3/12/20,0,0
45,Horry,3/12/20,0,0
45,Jasper,3/12/20,0,0
45,Kershaw,3/12/20,4,0
45,Lancaster,3/12/20,1,0
45,Laurens,3/12/20,0,0
45,Lee,3/12/20,0,0
45,Lexington,3/12/20,0,0
45,McCormick,3/12/20,0,0
45,Marion,3/12/20,0,0
45,Marlboro,3/12/20,0,0
45,Newberry,3/12/20,0,0
45,Oconee,3/12/20,0,0
45,Orangeburg,3/12/20,0,0
45,Pickens,3/12/20,0,0
45,Richland,3/12/20,0,0
45,Saluda,3/12/20,0,0
45,Spartanburg,3/12/20,1,0
45,Sumter,3/12/20,0,0
45,Union,3/12/20,0,0
45,Williamsburg,3/12/20,0,0
45,York,3/12/20,0,0
45,Abbeville,3/13/20,0,0
45,Aiken,3/13/20,0,0
45,Allendale,3/13/20,0,0
45,Anderson,3/13/20,0,0
45,Bamberg,3/13/20,0,0
45,Barnwell,3/13/20,0,0
45,Beaufort,3/13/20,0,0
45,Berkeley,3/13/20,0,0
45,Calhoun,3/13/20,0,0
45,Charleston,3/13/20,1,0
45,Cherokee,3/13/20,0,0
45,Chester,3/13/20,0,0
45,Chesterfield,3/13/20,0,0
45,Clarendon,3/13/20,0,0
45,Colleton,3/13/20,0,0
45,Darlington,3/13/20,0,0
45,Dillon,3/13/20,0,0
45,Dorchester,3/13/20,0,0
45,Edgefield,3/13/20,0,0
45,Fairfield,3/13/20,0,0
45,Florence,3/13/20,0,0
45,Georgetown,3/13/20,0,0
45,Greenville,3/13/20,0,0
45,Greenwood,3/13/20,0,0
45,Hampton,3/13/20,0,0
45,Horry,3/13/20,0,0
45,Jasper,3/13/20,0,0
45,Kershaw,3/13/20,5,0
45,Lancaster,3/13/20,1,0
45,Laurens,3/13/20,0,0
45,Lee,3/13/20,0,0
45,Lexington,3/13/20,0,0
45,McCormick,3/13/20,0,0
45,Marion,3/13/20,0,0
45,Marlboro,3/13/20,0,0
45,Newberry,3/13/20,0,0
45,Oconee,3/13/20,0,0
45,Orangeburg,3/13/20,0,0
45,Pickens,3/13/20,0,0
45,Richland,3/13/20,0,0
45,Saluda,3/13/20,0,0
45,Spartanburg,3/13/20,1,0
45,Sumter,3/13/20,0,0
45,Union,3/13/20,0,0
45,Williamsburg,3/13/20,0,0
45,York,3/13/20,0,0
45,Abbeville,3/14/20,0,0
45,Aiken,3/14/20,0,0
45,Allendale,3/14/20,0,0
45,Anderson,3/14/20,0,0
45,Bamberg,3/14/20,0,0
45,Barnwell,3/14/20,0,0
45,Beaufort,3/14/20,3,0
45,Berkeley,3/14/20,0,0
45,Calhoun,3/14/20,0,0
45,Charleston,3/14/20,1,0
45,Cherokee,3/14/20,0,0
45,Chester,3/14/20,0,0
45,Chesterfield,3/14/20,0,0
45,Clarendon,3/14/20,0,0
45,Colleton,3/14/20,0,0
45,Darlington,3/14/20,0,0
45,Dillon,3/14/20,0,0
45,Dorchester,3/14/20,0,0
45,Edgefield,3/14/20,0,0
45,Fairfield,3/14/20,0,0
45,Florence,3/14/20,0,0
45,Georgetown,3/14/20,0,0
45,Greenville,3/14/20,0,0
45,Greenwood,3/14/20,0,0
45,Hampton,3/14/20,0,0
45,Horry,3/14/20,0,0
45,Jasper,3/14/20,0,0
45,Kershaw,3/14/20,11,0
45,Lancaster,3/14/20,2,0
45,Laurens,3/14/20,0,0
45,Lee,3/14/20,0,0
45,Lexington,3/14/20,1,0
45,McCormick,3/14/20,0,0
45,Marion,3/14/20,0,0
45,Marlboro,3/14/20,0,0
45,Newberry,3/14/20,0,0
45,Oconee,3/14/20,0,0
45,Orangeburg,3/14/20,0,0
45,Pickens,3/14/20,0,0
45,Richland,3/14/20,0,0
45,Saluda,3/14/20,0,0
45,Spartanburg,3/14/20,1,0
45,Sumter,3/14/20,0,0
45,Union,3/14/20,0,0
45,Williamsburg,3/14/20,0,0
45,York,3/14/20,0,0
45,Abbeville,3/15/20,0,0
45,Aiken,3/15/20,0,0
45,Allendale,3/15/20,0,0
45,Anderson,3/15/20,0,0
45,Bamberg,3/15/20,0,0
45,Barnwell,3/15/20,0,0
45,Beaufort,3/15/20,3,0
45,Berkeley,3/15/20,0,0
45,Calhoun,3/15/20,0,0
45,Charleston,3/15/20,1,0
45,Cherokee,3/15/20,0,0
45,Chester,3/15/20,0,0
45,Chesterfield,3/15/20,0,0
45,Clarendon,3/15/20,0,0
45,Colleton,3/15/20,0,0
45,Darlington,3/15/20,0,0
45,Dillon,3/15/20,0,0
45,Dorchester,3/15/20,0,0
45,Edgefield,3/15/20,0,0
45,Fairfield,3/15/20,0,0
45,Florence,3/15/20,0,0
45,Georgetown,3/15/20,0,0
45,Greenville,3/15/20,0,0
45,Greenwood,3/15/20,0,0
45,Hampton,3/15/20,0,0
45,Horry,3/15/20,0,0
45,Jasper,3/15/20,0,0
45,Kershaw,3/15/20,11,0
45,Lancaster,3/15/20,2,0
45,Laurens,3/15/20,0,0
45,Lee,3/15/20,0,0
45,Lexington,3/15/20,1,0
45,McCormick,3/15/20,0,0
45,Marion,3/15/20,0,0
45,Marlboro,3/15/20,0,0
45,Newberry,3/15/20,0,0
45,Oconee,3/15/20,0,0
45,Orangeburg,3/15/20,0,0
45,Pickens,3/15/20,0,0
45,Richland,3/15/20,0,0
45,Saluda,3/15/20,0,0
45,Spartanburg,3/15/20,1,0
45,Sumter,3/15/20,0,0
45,Union,3/15/20,0,0
45,Williamsburg,3/15/20,0,0
45,York,3/15/20,0,0
45,Abbeville,3/16/20,0,0
45,Aiken,3/16/20,0,0
45,Allendale,3/16/20,0,0
45,Anderson,3/16/20,2,0
45,Bamberg,3/16/20,0,0
45,Barnwell,3/16/20,0,0
45,Beaufort,3/16/20,3,0
45,Berkeley,3/16/20,0,0
45,Calhoun,3/16/20,0,0
45,Charleston,3/16/20,1,0
45,Cherokee,3/16/20,0,0
45,Chester,3/16/20,0,0
45,Chesterfield,3/16/20,0,0
45,Clarendon,3/16/20,0,0
45,Colleton,3/16/20,0,0
45,Darlington,3/16/20,0,0
45,Dillon,3/16/20,0,0
45,Dorchester,3/16/20,0,0
45,Edgefield,3/16/20,0,0
45,Fairfield,3/16/20,0,0
45,Florence,3/16/20,0,0
45,Georgetown,3/16/20,0,0
45,Greenville,3/16/20,1,0
45,Greenwood,3/16/20,0,0
45,Hampton,3/16/20,0,0
45,Horry,3/16/20,3,0
45,Jasper,3/16/20,0,0
45,Kershaw,3/16/20,15,0
45,Lancaster,3/16/20,2,0
45,Laurens,3/16/20,0,0
45,Lee,3/16/20,0,0
45,Lexington,3/16/20,2,1
45,McCormick,3/16/20,0,0
45,Marion,3/16/20,0,0
45,Marlboro,3/16/20,0,0
45,Newberry,3/16/20,0,0
45,Oconee,3/16/20,0,0
45,Orangeburg,3/16/20,0,0
45,Pickens,3/16/20,0,0
45,Richland,3/16/20,0,0
45,Saluda,3/16/20,0,0
45,Spartanburg,3/16/20,1,0
45,Sumter,3/16/20,0,0
45,Union,3/16/20,0,0
45,Williamsburg,3/16/20,0,0
45,York,3/16/20,0,0
45,Abbeville,3/17/20,0,0
45,Aiken,3/17/20,0,0
45,Allendale,3/17/20,0,0
45,Anderson,3/17/20,2,0
45,Bamberg,3/17/20,0,0
45,Barnwell,3/17/20,0,0
45,Beaufort,3/17/20,4,0
45,Berkeley,3/17/20,0,0
45,Calhoun,3/17/20,1,0
45,Charleston,3/17/20,3,0
45,Cherokee,3/17/20,0,0
45,Chester,3/17/20,0,0
45,Chesterfield,3/17/20,0,0
45,Clarendon,3/17/20,0,0
45,Colleton,3/17/20,0,0
45,Darlington,3/17/20,0,0
45,Dillon,3/17/20,0,0
45,Dorchester,3/17/20,0,0
45,Edgefield,3/17/20,0,0
45,Fairfield,3/17/20,1,0
45,Florence,3/17/20,0,0
45,Georgetown,3/17/20,0,0
45,Greenville,3/17/20,2,0
45,Greenwood,3/17/20,0,0
45,Hampton,3/17/20,0,0
45,Horry,3/17/20,4,0
45,Jasper,3/17/20,0,0
45,Kershaw,3/17/20,22,0
45,Lancaster,3/17/20,2,0
45,Laurens,3/17/20,0,0
45,Lee,3/17/20,0,0
45,Lexington,3/17/20,3,1
45,McCormick,3/17/20,0,0
45,Marion,3/17/20,0,0
45,Marlboro,3/17/20,0,0
45,Newberry,3/17/20,0,0
45,Oconee,3/17/20,0,0
45,Orangeburg,3/17/20,0,0
45,Pickens,3/17/20,0,0
45,Richland,3/17/20,1,0
45,Saluda,3/17/20,0,0
45,Spartanburg,3/17/20,1,0
45,Sumter,3/17/20,0,0
45,Union,3/17/20,0,0
45,Williamsburg,3/17/20,0,0
45,York,3/17/20,1,0
45,Abbeville,3/18/20,0,0
45,Aiken,3/18/20,0,0
45,Allendale,3/18/20,0,0
45,Anderson,3/18/20,2,0
45,Bamberg,3/18/20,0,0
45,Barnwell,3/18/20,0,0
45,Beaufort,3/18/20,6,0
45,Berkeley,3/18/20,0,0
45,Calhoun,3/18/20,1,0
45,Charleston,3/18/20,4,0
45,Cherokee,3/18/20,0,0
45,Chester,3/18/20,0,0
45,Chesterfield,3/18/20,0,0
45,Clarendon,3/18/20,0,0
45,Colleton,3/18/20,0,0
45,Darlington,3/18/20,0,0
45,Dillon,3/18/20,0,0
45,Dorchester,3/18/20,0,0
45,Edgefield,3/18/20,0,0
45,Fairfield,3/18/20,1,0
45,Florence,3/18/20,0,0
45,Georgetown,3/18/20,0,0
45,Greenville,3/18/20,3,0
45,Greenwood,3/18/20,0,0
45,Hampton,3/18/20,0,0
45,Horry,3/18/20,5,0
45,Jasper,3/18/20,0,0
45,Kershaw,3/18/20,25,0
45,Lancaster,3/18/20,2,0
45,Laurens,3/18/20,0,0
45,Lee,3/18/20,1,0
45,Lexington,3/18/20,4,1
45,McCormick,3/18/20,0,0
45,Marion,3/18/20,0,0
45,Marlboro,3/18/20,0,0
45,Newberry,3/18/20,0,0
45,Oconee,3/18/20,0,0
45,Orangeburg,3/18/20,0,0
45,Pickens,3/18/20,0,0
45,Richland,3/18/20,4,0
45,Saluda,3/18/20,0,0
45,Spartanburg,3/18/20,1,0
45,Sumter,3/18/20,0,0
45,Union,3/18/20,0,0
45,Williamsburg,3/18/20,0,0
45,York,3/18/20,1,0
45,Abbeville,3/19/20,1,0
45,Aiken,3/19/20,0,0
45,Allendale,3/19/20,0,0
45,Anderson,3/19/20,2,0
45,Bamberg,3/19/20,0,0
45,Barnwell,3/19/20,0,0
45,Beaufort,3/19/20,7,0
45,Berkeley,3/19/20,0,0
45,Calhoun,3/19/20,1,0
45,Charleston,3/19/20,5,0
45,Cherokee,3/19/20,0,0
45,Chester,3/19/20,0,0
45,Chesterfield,3/19/20,0,0
45,Clarendon,3/19/20,0,0
45,Colleton,3/19/20,0,0
45,Darlington,3/19/20,0,0
45,Dillon,3/19/20,0,0
45,Dorchester,3/19/20,1,0
45,Edgefield,3/19/20,0,0
45,Fairfield,3/19/20,1,0
45,Florence,3/19/20,0,0
45,Georgetown,3/19/20,0,0
45,Greenville,3/19/20,7,0
45,Greenwood,3/19/20,0,0
45,Hampton,3/19/20,0,0
45,Horry,3/19/20,6,0
45,Jasper,3/19/20,0,0
45,Kershaw,3/19/20,29,0
45,Lancaster,3/19/20,3,0
45,Laurens,3/19/20,0,0
45,Lee,3/19/20,1,0
45,Lexington,3/19/20,5,1
45,McCormick,3/19/20,0,0
45,Marion,3/19/20,0,0
45,Marlboro,3/19/20,0,0
45,Newberry,3/19/20,0,0
45,Oconee,3/19/20,0,0
45,Orangeburg,3/19/20,0,0
45,Pickens,3/19/20,0,0
45,Richland,3/19/20,8,0
45,Saluda,3/19/20,1,0
45,Spartanburg,3/19/20,1,0
45,Sumter,3/19/20,0,0
45,Union,3/19/20,0,0
45,Williamsburg,3/19/20,0,0
45,York,3/19/20,1,0
45,Abbeville,3/20/20,1,0
45,Aiken,3/20/20,1,0
45,Allendale,3/20/20,0,0
45,Anderson,3/20/20,6,0
45,Bamberg,3/20/20,0,0
45,Barnwell,3/20/20,0,0
45,Beaufort,3/20/20,8,0
45,Berkeley,3/20/20,1,0
45,Calhoun,3/20/20,1,0
45,Charleston,3/20/20,6,0
45,Cherokee,3/20/20,0,0
45,Chester,3/20/20,0,0
45,Chesterfield,3/20/20,0,0
45,Clarendon,3/20/20,1,1
45,Colleton,3/20/20,0,0
45,Darlington,3/20/20,1,0
45,Dillon,3/20/20,0,0
45,Dorchester,3/20/20,1,0
45,Edgefield,3/20/20,0,0
45,Fairfield,3/20/20,1,0
45,Florence,3/20/20,1,1
45,Georgetown,3/20/20,0,0
45,Greenville,3/20/20,12,0
45,Greenwood,3/20/20,0,0
45,Hampton,3/20/20,0,0
45,Horry,3/20/20,8,0
45,Jasper,3/20/20,0,0
45,Kershaw,3/20/20,36,0
45,Lancaster,3/20/20,3,0
45,Laurens,3/20/20,0,0
45,Lee,3/20/20,1,0
45,Lexington,3/20/20,8,1
45,McCormick,3/20/20,0,0
45,Marion,3/20/20,0,0
45,Marlboro,3/20/20,0,0
45,Newberry,3/20/20,0,0
45,Oconee,3/20/20,0,0
45,Orangeburg,3/20/20,2,0
45,Pickens,3/20/20,1,0
45,Richland,3/20/20,22,0
45,Saluda,3/20/20,1,0
45,Spartanburg,3/20/20,1,0
45,Sumter,3/20/20,1,0
45,Union,3/20/20,0,0
45,Williamsburg,3/20/20,0,0
45,York,3/20/20,1,0
45,Abbeville,3/21/20,1,0
45,Aiken,3/21/20,1,0
45,Allendale,3/21/20,0,0
45,Anderson,3/21/20,10,0
45,Bamberg,3/21/20,0,0
45,Barnwell,3/21/20,0,0
45,Beaufort,3/21/20,13,0
45,Berkeley,3/21/20,1,0
45,Calhoun,3/21/20,1,0
45,Charleston,3/21/20,9,0
45,Cherokee,3/21/20,0,0
45,Chester,3/21/20,0,0
45,Chesterfield,3/21/20,0,0
45,Clarendon,3/21/20,1,1
45,Colleton,3/21/20,1,0
45,Darlington,3/21/20,2,0
45,Dillon,3/21/20,1,0
45,Dorchester,3/21/20,1,0
45,Edgefield,3/21/20,1,0
45,Fairfield,3/21/20,1,0
45,Florence,3/21/20,1,1
45,Georgetown,3/21/20,0,0
45,Greenville,3/21/20,17,0
45,Greenwood,3/21/20,3,0
45,Hampton,3/21/20,0,0
45,Horry,3/21/20,9,0
45,Jasper,3/21/20,0,0
45,Kershaw,3/21/20,43,0
45,Lancaster,3/21/20,3,0
45,Laurens,3/21/20,0,0
45,Lee,3/21/20,1,0
45,Lexington,3/21/20,12,1
45,McCormick,3/21/20,0,0
45,Marion,3/21/20,0,0
45,Marlboro,3/21/20,1,0
45,Newberry,3/21/20,1,0
45,Oconee,3/21/20,0,0
45,Orangeburg,3/21/20,3,0
45,Pickens,3/21/20,1,0
45,Richland,3/21/20,27,0
45,Saluda,3/21/20,1,0
45,Spartanburg,3/21/20,2,0
45,Sumter,3/21/20,3,0
45,Union,3/21/20,0,0
45,Williamsburg,3/21/20,0,0
45,York,3/21/20,2,0
45,Abbeville,3/22/20,1,0
45,Aiken,3/22/20,1,0
45,Allendale,3/22/20,0,0
45,Anderson,3/22/20,10,0
45,Bamberg,3/22/20,0,0
45,Barnwell,3/22/20,0,0
45,Beaufort,3/22/20,14,0
45,Berkeley,3/22/20,2,0
45,Calhoun,3/22/20,1,0
45,Charleston,3/22/20,13,0
45,Cherokee,3/22/20,0,0
45,Chester,3/22/20,0,0
45,Chesterfield,3/22/20,0,0
45,Clarendon,3/22/20,1,1
45,Colleton,3/22/20,1,0
45,Darlington,3/22/20,5,0
45,Dillon,3/22/20,1,0
45,Dorchester,3/22/20,1,0
45,Edgefield,3/22/20,1,0
45,Fairfield,3/22/20,1,0
45,Florence,3/22/20,1,1
45,Georgetown,3/22/20,0,0
45,Greenville,3/22/20,19,0
45,Greenwood,3/22/20,3,0
45,Hampton,3/22/20,1,0
45,Horry,3/22/20,11,0
45,Jasper,3/22/20,1,0
45,Kershaw,3/22/20,44,0
45,Lancaster,3/22/20,5,0
45,Laurens,3/22/20,0,0
45,Lee,3/22/20,1,0
45,Lexington,3/22/20,12,1
45,McCormick,3/22/20,0,0
45,Marion,3/22/20,0,0
45,Marlboro,3/22/20,1,0
45,Newberry,3/22/20,1,0
45,Oconee,3/22/20,0,0
45,Orangeburg,3/22/20,3,0
45,Pickens,3/22/20,1,0
45,Richland,3/22/20,29,0
45,Saluda,3/22/20,1,0
45,Spartanburg,3/22/20,2,0
45,Sumter,3/22/20,3,0
45,Union,3/22/20,0,0
45,Williamsburg,3/22/20,0,0
45,York,3/22/20,4,0
45,Abbeville,3/23/20,1,0
45,Aiken,3/23/20,1,0
45,Allendale,3/23/20,0,0
45,Anderson,3/23/20,15,0
45,Bamberg,3/23/20,0,0
45,Barnwell,3/23/20,0,0
45,Beaufort,3/23/20,21,0
45,Berkeley,3/23/20,4,0
45,Calhoun,3/23/20,1,0
45,Charleston,3/23/20,31,1
45,Cherokee,3/23/20,0,0
45,Chester,3/23/20,1,0
45,Chesterfield,3/23/20,0,0
45,Clarendon,3/23/20,4,1
45,Colleton,3/23/20,1,0
45,Darlington,3/23/20,7,0
45,Dillon,3/23/20,1,0
45,Dorchester,3/23/20,2,0
45,Edgefield,3/23/20,1,0
45,Fairfield,3/23/20,2,0
45,Florence,3/23/20,3,1
45,Georgetown,3/23/20,2,0
45,Greenville,3/23/20,31,0
45,Greenwood,3/23/20,2,0
45,Hampton,3/23/20,0,0
45,Horry,3/23/20,16,0
45,Jasper,3/23/20,1,0
45,Kershaw,3/23/20,54,1
45,Lancaster,3/23/20,7,0
45,Laurens,3/23/20,0,0
45,Lee,3/23/20,2,0
45,Lexington,3/23/20,17,1
45,McCormick,3/23/20,0,0
45,Marion,3/23/20,0,0
45,Marlboro,3/23/20,0,0
45,Newberry,3/23/20,1,0
45,Oconee,3/23/20,2,0
45,Orangeburg,3/23/20,8,0
45,Pickens,3/23/20,1,0
45,Richland,3/23/20,43,0
45,Saluda,3/23/20,1,0
45,Spartanburg,3/23/20,3,0
45,Sumter,3/23/20,4,0
45,Union,3/23/20,0,0
45,Williamsburg,3/23/20,0,0
45,York,3/23/20,7,0
45,Abbeville,3/24/20,1,0
45,Aiken,3/24/20,2,0
45,Allendale,3/24/20,0,0
45,Anderson,3/24/20,16,0
45,Bamberg,3/24/20,0,0
45,Barnwell,3/24/20,0,0
45,Beaufort,3/24/20,22,0
45,Berkeley,3/24/20,4,0
45,Calhoun,3/24/20,1,0
45,Charleston,3/24/20,36,1
45,Cherokee,3/24/20,0,0
45,Chester,3/24/20,1,0
45,Chesterfield,3/24/20,1,0
45,Clarendon,3/24/20,5,1
45,Colleton,3/24/20,1,0
45,Darlington,3/24/20,8,0
45,Dillon,3/24/20,1,0
45,Dorchester,3/24/20,3,0
45,Edgefield,3/24/20,1,0
45,Fairfield,3/24/20,2,0
45,Florence,3/24/20,5,1
45,Georgetown,3/24/20,2,0
45,Greenville,3/24/20,39,0
45,Greenwood,3/24/20,2,0
45,Hampton,3/24/20,0,0
45,Horry,3/24/20,19,0
45,Jasper,3/24/20,2,0
45,Kershaw,3/24/20,58,1
45,Lancaster,3/24/20,7,0
45,Laurens,3/24/20,0,0
45,Lee,3/24/20,2,0
45,Lexington,3/24/20,19,1
45,McCormick,3/24/20,0,0
45,Marion,3/24/20,0,0
45,Marlboro,3/24/20,1,0
45,Newberry,3/24/20,1,0
45,Oconee,3/24/20,2,0
45,Orangeburg,3/24/20,8,0
45,Pickens,3/24/20,1,0
45,Richland,3/24/20,45,0
45,Saluda,3/24/20,1,0
45,Spartanburg,3/24/20,4,0
45,Sumter,3/24/20,8,0
45,Union,3/24/20,0,0
45,Williamsburg,3/24/20,0,0
45,York,3/24/20,11,0
45,Abbeville,3/25/20,3,0
45,Aiken,3/25/20,2,0
45,Allendale,3/25/20,0,0
45,Anderson,3/25/20,19,0
45,Bamberg,3/25/20,0,0
45,Barnwell,3/25/20,0,0
45,Beaufort,3/25/20,26,0
45,Berkeley,3/25/20,5,0
45,Calhoun,3/25/20,1,0
45,Charleston,3/25/20,52,1
45,Cherokee,3/25/20,0,0
45,Chester,3/25/20,1,0
45,Chesterfield,3/25/20,3,0
45,Clarendon,3/25/20,5,1
45,Colleton,3/25/20,1,0
45,Darlington,3/25/20,8,0
45,Dillon,3/25/20,1,0
45,Dorchester,3/25/20,4,0
45,Edgefield,3/25/20,1,0
45,Fairfield,3/25/20,3,0
45,Florence,3/25/20,5,2
45,Georgetown,3/25/20,2,0
45,Greenville,3/25/20,50,0
45,Greenwood,3/25/20,2,0
45,Hampton,3/25/20,0,0
45,Horry,3/25/20,20,1
45,Jasper,3/25/20,2,0
45,Kershaw,3/25/20,63,1
45,Lancaster,3/25/20,6,0
45,Laurens,3/25/20,0,0
45,Lee,3/25/20,2,0
45,Lexington,3/25/20,18,1
45,McCormick,3/25/20,0,0
45,Marion,3/25/20,1,0
45,Marlboro,3/25/20,1,0
45,Newberry,3/25/20,1,0
45,Oconee,3/25/20,2,0
45,Orangeburg,3/25/20,9,0
45,Pickens,3/25/20,6,0
45,Richland,3/25/20,59,0
45,Saluda,3/25/20,1,0
45,Spartanburg,3/25/20,9,0
45,Sumter,3/25/20,10,0
45,Union,3/25/20,1,0
45,Williamsburg,3/25/20,1,0
45,York,3/25/20,18,0
45,Abbeville,3/26/20,3,0
45,Aiken,3/26/20,2,0
45,Allendale,3/26/20,0,0
45,Anderson,3/26/20,19,0
45,Bamberg,3/26/20,0,0
45,Barnwell,3/26/20,0,0
45,Beaufort,3/26/20,26,0
45,Berkeley,3/26/20,5,0
45,Calhoun,3/26/20,1,0
45,Charleston,3/26/20,52,1
45,Cherokee,3/26/20,0,0
45,Chester,3/26/20,1,0
45,Chesterfield,3/26/20,3,0
45,Clarendon,3/26/20,5,1
45,Colleton,3/26/20,1,0
45,Darlington,3/26/20,8,0
45,Dillon,3/26/20,1,0
45,Dorchester,3/26/20,4,0
45,Edgefield,3/26/20,1,0
45,Fairfield,3/26/20,3,0
45,Florence,3/26/20,5,2
45,Georgetown,3/26/20,2,0
45,Greenville,3/26/20,50,0
45,Greenwood,3/26/20,2,0
45,Hampton,3/26/20,0,0
45,Horry,3/26/20,20,1
45,Jasper,3/26/20,2,0
45,Kershaw,3/26/20,63,1
45,Lancaster,3/26/20,6,0
45,Laurens,3/26/20,0,0
45,Lee,3/26/20,2,0
45,Lexington,3/26/20,18,1
45,McCormick,3/26/20,0,0
45,Marion,3/26/20,1,0
45,Marlboro,3/26/20,1,0
45,Newberry,3/26/20,1,0
45,Oconee,3/26/20,2,0
45,Orangeburg,3/26/20,9,0
45,Pickens,3/26/20,6,0
45,Richland,3/26/20,59,0
45,Saluda,3/26/20,1,0
45,Spartanburg,3/26/20,9,0
45,Sumter,3/26/20,10,2
45,Union,3/26/20,1,0
45,Williamsburg,3/26/20,1,0
45,York,3/26/20,18,0
45,Abbeville,3/27/20,4,0
45,Aiken,3/27/20,6,0
45,Allendale,3/27/20,0,0
45,Anderson,3/27/20,21,0
45,Bamberg,3/27/20,0,0
45,Barnwell,3/27/20,0,0
45,Beaufort,3/27/20,35,0
45,Berkeley,3/27/20,10,0
45,Calhoun,3/27/20,1,0
45,Charleston,3/27/20,92,1
45,Cherokee,3/27/20,0,0
45,Chester,3/27/20,1,0
45,Chesterfield,3/27/20,4,0
45,Clarendon,3/27/20,6,1
45,Colleton,3/27/20,2,0
45,Darlington,3/27/20,8,0
45,Dillon,3/27/20,1,0
45,Dorchester,3/27/20,9,0
45,Edgefield,3/27/20,1,0
45,Fairfield,3/27/20,4,0
45,Florence,3/27/20,11,3
45,Georgetown,3/27/20,3,0
45,Greenville,3/27/20,51,1
45,Greenwood,3/27/20,2,0
45,Hampton,3/27/20,0,0
45,Horry,3/27/20,24,1
45,Jasper,3/27/20,3,0
45,Kershaw,3/27/20,70,2
45,Lancaster,3/27/20,8,0
45,Laurens,3/27/20,0,0
45,Lee,3/27/20,2,0
45,Lexington,3/27/20,25,1
45,McCormick,3/27/20,0,0
45,Marion,3/27/20,1,0
45,Marlboro,3/27/20,1,0
45,Newberry,3/27/20,1,0
45,Oconee,3/27/20,3,0
45,Orangeburg,3/27/20,12,0
45,Pickens,3/27/20,7,0
45,Richland,3/27/20,65,1
45,Saluda,3/27/20,1,0
45,Spartanburg,3/27/20,16,0
45,Sumter,3/27/20,10,2
45,Union,3/27/20,1,0
45,Williamsburg,3/27/20,1,0
45,York,3/27/20,19,0
45,Abbeville,3/28/20,3,0
45,Aiken,3/28/20,7,0
45,Allendale,3/28/20,0,0
45,Anderson,3/28/20,24,0
45,Bamberg,3/28/20,0,0
45,Barnwell,3/28/20,0,0
45,Beaufort,3/28/20,39,0
45,Berkeley,3/28/20,13,0
45,Calhoun,3/28/20,1,0
45,Charleston,3/28/20,108,1
45,Cherokee,3/28/20,0,0
45,Chester,3/28/20,2,0
45,Chesterfield,3/28/20,4,0
45,Clarendon,3/28/20,7,1
45,Colleton,3/28/20,4,0
45,Darlington,3/28/20,8,0
45,Dillon,3/28/20,1,0
45,Dorchester,3/28/20,10,0
45,Edgefield,3/28/20,1,0
45,Fairfield,3/28/20,4,0
45,Florence,3/28/20,12,3
45,Georgetown,3/28/20,6,0
45,Greenville,3/28/20,57,1
45,Greenwood,3/28/20,3,0
45,Hampton,3/28/20,0,0
45,Horry,3/28/20,28,2
45,Jasper,3/28/20,3,0
45,Kershaw,3/28/20,77,2
45,Lancaster,3/28/20,9,0
45,Laurens,3/28/20,2,0
45,Lee,3/28/20,5,0
45,Lexington,3/28/20,30,1
45,McCormick,3/28/20,0,0
45,Marion,3/28/20,1,0
45,Marlboro,3/28/20,1,0
45,Newberry,3/28/20,2,0
45,Oconee,3/28/20,3,0
45,Orangeburg,3/28/20,14,0
45,Pickens,3/28/20,10,0
45,Richland,3/28/20,81,2
45,Saluda,3/28/20,1,0
45,Spartanburg,3/28/20,21,0
45,Sumter,3/28/20,24,2
45,Union,3/28/20,1,0
45,Williamsburg,3/28/20,2,0
45,York,3/28/20,31,0
45,Abbeville,3/29/20,3,0
45,Aiken,3/29/20,9,0
45,Allendale,3/29/20,0,0
45,Anderson,3/29/20,29,0
45,Bamberg,3/29/20,0,0
45,Barnwell,3/29/20,0,0
45,Beaufort,3/29/20,50,0
45,Berkeley,3/29/20,14,0
45,Calhoun,3/29/20,2,0
45,Charleston,3/29/20,117,1
45,Cherokee,3/29/20,0,0
45,Chester,3/29/20,2,0
45,Chesterfield,3/29/20,4,0
45,Clarendon,3/29/20,16,1
45,Colleton,3/29/20,4,0
45,Darlington,3/29/20,10,0
45,Dillon,3/29/20,1,0
45,Dorchester,3/29/20,10,0
45,Edgefield,3/29/20,2,0
45,Fairfield,3/29/20,4,0
45,Florence,3/29/20,14,3
45,Georgetown,3/29/20,10,0
45,Greenville,3/29/20,71,1
45,Greenwood,3/29/20,3,0
45,Hampton,3/29/20,0,0
45,Horry,3/29/20,31,3
45,Jasper,3/29/20,3,0
45,Kershaw,3/29/20,83,2
45,Lancaster,3/29/20,13,0
45,Laurens,3/29/20,3,0
45,Lee,3/29/20,5,0
45,Lexington,3/29/20,35,1
45,McCormick,3/29/20,0,0
45,Marion,3/29/20,1,0
45,Marlboro,3/29/20,2,0
45,Newberry,3/29/20,2,0
45,Oconee,3/29/20,4,0
45,Orangeburg,3/29/20,16,0
45,Pickens,3/29/20,11,0
45,Richland,3/29/20,95,2
45,Saluda,3/29/20,1,0
45,Spartanburg,3/29/20,25,0
45,Sumter,3/29/20,30,2
45,Union,3/29/20,1,0
45,Williamsburg,3/29/20,2,0
45,York,3/29/20,36,0
45,Abbeville,3/30/20,3,0
45,Aiken,3/30/20,9,0
45,Allendale,3/30/20,0,0
45,Anderson,3/30/20,31,1
45,Bamberg,3/30/20,0,0
45,Barnwell,3/30/20,1,0
45,Beaufort,3/30/20,74,1
45,Berkeley,3/30/20,14,0
45,Calhoun,3/30/20,2,0
45,Charleston,3/30/20,123,1
45,Cherokee,3/30/20,0,0
45,Chester,3/30/20,2,0
45,Chesterfield,3/30/20,6,0
45,Clarendon,3/30/20,18,1
45,Colleton,3/30/20,5,0
45,Darlington,3/30/20,11,0
45,Dillon,3/30/20,1,0
45,Dorchester,3/30/20,12,0
45,Edgefield,3/30/20,2,0
45,Fairfield,3/30/20,5,0
45,Florence,3/30/20,15,3
45,Georgetown,3/30/20,11,0
45,Greenville,3/30/20,88,1
45,Greenwood,3/30/20,3,0
45,Hampton,3/30/20,0,0
45,Horry,3/30/20,32,3
45,Jasper,3/30/20,3,0
45,Kershaw,3/30/20,99,2
45,Lancaster,3/30/20,14,0
45,Laurens,3/30/20,3,0
45,Lee,3/30/20,5,0
45,Lexington,3/30/20,41,1
45,McCormick,3/30/20,0,0
45,Marion,3/30/20,2,0
45,Marlboro,3/30/20,2,0
45,Newberry,3/30/20,2,0
45,Oconee,3/30/20,4,0
45,Orangeburg,3/30/20,21,0
45,Pickens,3/30/20,13,0
45,Richland,3/30/20,135,2
45,Saluda,3/30/20,1,0
45,Spartanburg,3/30/20,30,0
45,Sumter,3/30/20,34,2
45,Union,3/30/20,3,0
45,Williamsburg,3/30/20,2,0
45,York,3/30/20,43,0
45,Abbeville,3/31/20,4,0
45,Aiken,3/31/20,13,1
45,Allendale,3/31/20,0,0
45,Anderson,3/31/20,39,1
45,Bamberg,3/31/20,2,0
45,Barnwell,3/31/20,1,0
45,Beaufort,3/31/20,91,1
45,Berkeley,3/31/20,15,0
45,Calhoun,3/31/20,3,1
45,Charleston,3/31/20,142,1
45,Cherokee,3/31/20,0,0
45,Chester,3/31/20,2,0
45,Chesterfield,3/31/20,6,0
45,Clarendon,3/31/20,25,1
45,Colleton,3/31/20,5,0
45,Darlington,3/31/20,11,0
45,Dillon,3/31/20,1,0
45,Dorchester,3/31/20,17,0
45,Edgefield,3/31/20,2,0
45,Fairfield,3/31/20,6,0
45,Florence,3/31/20,19,3
45,Georgetown,3/31/20,13,0
45,Greenville,3/31/20,106,1
45,Greenwood,3/31/20,5,0
45,Hampton,3/31/20,0,0
45,Horry,3/31/20,37,3
45,Jasper,3/31/20,3,0
45,Kershaw,3/31/20,105,2
45,Lancaster,3/31/20,15,0
45,Laurens,3/31/20,3,0
45,Lee,3/31/20,5,0
45,Lexington,3/31/20,54,1
45,McCormick,3/31/20,0,0
45,Marion,3/31/20,2,1
45,Marlboro,3/31/20,2,0
45,Newberry,3/31/20,2,0
45,Oconee,3/31/20,5,0
45,Orangeburg,3/31/20,22,0
45,Pickens,3/31/20,14,0
45,Richland,3/31/20,148,2
45,Saluda,3/31/20,1,0
45,Spartanburg,3/31/20,37,0
45,Sumter,3/31/20,39,2
45,Union,3/31/20,3,0
45,Williamsburg,3/31/20,2,0
45,York,3/31/20,56,1
45,Abbeville,4/1/20,4,0
45,Aiken,4/1/20,18,1
45,Allendale,4/1/20,1,0
45,Anderson,4/1/20,47,2
45,Bamberg,4/1/20,4,0
45,Barnwell,4/1/20,2,0
45,Beaufort,4/1/20,101,2
45,Berkeley,4/1/20,18,0
45,Calhoun,4/1/20,3,1
45,Charleston,4/1/20,190,1
45,Cherokee,4/1/20,0,0
45,Chester,4/1/20,3,0
45,Chesterfield,4/1/20,9,0
45,Clarendon,4/1/20,28,1
45,Colleton,4/1/20,5,0
45,Darlington,4/1/20,11,0
45,Dillon,4/1/20,1,0
45,Dorchester,4/1/20,27,0
45,Edgefield,4/1/20,4,0
45,Fairfield,4/1/20,7,0
45,Florence,4/1/20,21,3
45,Georgetown,4/1/20,14,0
45,Greenville,4/1/20,129,1
45,Greenwood,4/1/20,6,0
45,Hampton,4/1/20,0,0
45,Horry,4/1/20,42,3
45,Jasper,4/1/20,4,0
45,Kershaw,4/1/20,116,2
45,Lancaster,4/1/20,17,0
45,Laurens,4/1/20,4,0
45,Lee,4/1/20,5,1
45,Lexington,4/1/20,61,1
45,McCormick,4/1/20,0,0
45,Marion,4/1/20,2,1
45,Marlboro,4/1/20,2,0
45,Newberry,4/1/20,2,0
45,Oconee,4/1/20,5,0
45,Orangeburg,4/1/20,24,0
45,Pickens,4/1/20,14,0
45,Richland,4/1/20,176,3
45,Saluda,4/1/20,1,0
45,Spartanburg,4/1/20,45,0
45,Sumter,4/1/20,48,2
45,Union,4/1/20,3,0
45,Williamsburg,4/1/20,3,0
45,York,4/1/20,66,1
45,Abbeville,4/2/20,6,0
45,Aiken,4/2/20,22,1
45,Allendale,4/2/20,1,0
45,Anderson,4/2/20,57,3
45,Bamberg,4/2/20,5,0
45,Barnwell,4/2/20,2,0
45,Beaufort,4/2/20,130,2
45,Berkeley,4/2/20,33,0
45,Calhoun,4/2/20,3,1
45,Charleston,4/2/20,231,1
45,Cherokee,4/2/20,1,0
45,Chester,4/2/20,6,0
45,Chesterfield,4/2/20,10,0
45,Clarendon,4/2/20,31,1
45,Colleton,4/2/20,6,0
45,Darlington,4/2/20,15,0
45,Dillon,4/2/20,1,0
45,Dorchester,4/2/20,35,0
45,Edgefield,4/2/20,4,0
45,Fairfield,4/2/20,8,0
45,Florence,4/2/20,26,5
45,Georgetown,4/2/20,15,0
45,Greenville,4/2/20,154,1
45,Greenwood,4/2/20,8,0
45,Hampton,4/2/20,1,0
45,Horry,4/2/20,50,4
45,Jasper,4/2/20,7,0
45,Kershaw,4/2/20,129,2
45,Lancaster,4/2/20,26,0
45,Laurens,4/2/20,4,0
45,Lee,4/2/20,8,1
45,Lexington,4/2/20,70,1
45,McCormick,4/2/20,1,0
45,Marion,4/2/20,2,1
45,Marlboro,4/2/20,3,0
45,Newberry,4/2/20,4,0
45,Oconee,4/2/20,5,0
45,Orangeburg,4/2/20,24,0
45,Pickens,4/2/20,15,0
45,Richland,4/2/20,200,3
45,Saluda,4/2/20,2,0
45,Spartanburg,4/2/20,50,0
45,Sumter,4/2/20,66,3
45,Union,4/2/20,5,0
45,Williamsburg,4/2/20,6,0
45,York,4/2/20,66,1
45,Abbeville,4/3/20,6,0
45,Aiken,4/3/20,22,1
45,Allendale,4/3/20,1,0
45,Anderson,4/3/20,62,3
45,Bamberg,4/3/20,5,0
45,Barnwell,4/3/20,2,0
45,Beaufort,4/3/20,131,2
45,Berkeley,4/3/20,42,0
45,Calhoun,4/3/20,3,1
45,Charleston,4/3/20,247,1
45,Cherokee,4/3/20,1,0
45,Chester,4/3/20,7,0
45,Chesterfield,4/3/20,10,0
45,Clarendon,4/3/20,34,1
45,Colleton,4/3/20,6,0
45,Darlington,4/3/20,15,0
45,Dillon,4/3/20,1,0
45,Dorchester,4/3/20,36,0
45,Edgefield,4/3/20,5,0
45,Fairfield,4/3/20,8,0
45,Florence,4/3/20,29,5
45,Georgetown,4/3/20,16,0
45,Greenville,4/3/20,174,2
45,Greenwood,4/3/20,9,0
45,Hampton,4/3/20,1,0
45,Horry,4/3/20,51,4
45,Jasper,4/3/20,8,0
45,Kershaw,4/3/20,136,2
45,Lancaster,4/3/20,31,0
45,Laurens,4/3/20,6,0
45,Lee,4/3/20,13,1
45,Lexington,4/3/20,78,1
45,McCormick,4/3/20,1,0
45,Marion,4/3/20,2,1
45,Marlboro,4/3/20,3,0
45,Newberry,4/3/20,5,0
45,Oconee,4/3/20,5,0
45,Orangeburg,4/3/20,25,0
45,Pickens,4/3/20,17,0
45,Richland,4/3/20,224,5
45,Saluda,4/3/20,2,0
45,Spartanburg,4/3/20,60,0
45,Sumter,4/3/20,75,3
45,Union,4/3/20,6,0
45,Williamsburg,4/3/20,6,0
45,York,4/3/20,73,1
45,Abbeville,4/4/20,6,0
45,Aiken,4/4/20,24,1
45,Allendale,4/4/20,2,0
45,Anderson,4/4/20,68,3
45,Bamberg,4/4/20,5,0
45,Barnwell,4/4/20,2,0
45,Beaufort,4/4/20,148,3
45,Berkeley,4/4/20,45,0
45,Calhoun,4/4/20,4,1
45,Charleston,4/4/20,274,1
45,Cherokee,4/4/20,2,0
45,Chester,4/4/20,12,0
45,Chesterfield,4/4/20,13,0
45,Clarendon,4/4/20,45,1
45,Colleton,4/4/20,9,0
45,Darlington,4/4/20,19,0
45,Dillon,4/4/20,1,0
45,Dorchester,4/4/20,45,0
45,Edgefield,4/4/20,5,0
45,Fairfield,4/4/20,12,0
45,Florence,4/4/20,35,5
45,Georgetown,4/4/20,17,1
45,Greenville,4/4/20,183,2
45,Greenwood,4/4/20,10,0
45,Hampton,4/4/20,1,0
45,Horry,4/4/20,63,4
45,Jasper,4/4/20,9,0
45,Kershaw,4/4/20,141,2
45,Lancaster,4/4/20,39,0
45,Laurens,4/4/20,6,0
45,Lee,4/4/20,16,1
45,Lexington,4/4/20,95,3
45,McCormick,4/4/20,1,0
45,Marion,4/4/20,2,1
45,Marlboro,4/4/20,3,0
45,Newberry,4/4/20,8,0
45,Oconee,4/4/20,8,0
45,Orangeburg,4/4/20,26,0
45,Pickens,4/4/20,17,0
45,Richland,4/4/20,242,6
45,Saluda,4/4/20,4,0
45,Spartanburg,4/4/20,72,0
45,Sumter,4/4/20,79,3
45,Union,4/4/20,9,0
45,Williamsburg,4/4/20,9,0
45,York,4/4/20,81,2
45,Abbeville,4/5/20,6,0
45,Aiken,4/5/20,27,1
45,Allendale,4/5/20,2,0
45,Anderson,4/5/20,69,3
45,Bamberg,4/5/20,5,0
45,Barnwell,4/5/20,3,0
45,Beaufort,4/5/20,156,4
45,Berkeley,4/5/20,46,0
45,Calhoun,4/5/20,5,1
45,Charleston,4/5/20,274,2
45,Cherokee,4/5/20,2,0
45,Chester,4/5/20,12,0
45,Chesterfield,4/5/20,13,0
45,Clarendon,4/5/20,54,1
45,Colleton,4/5/20,8,0
45,Darlington,4/5/20,19,0
45,Dillon,4/5/20,1,0
45,Dorchester,4/5/20,44,0
45,Edgefield,4/5/20,6,0
45,Fairfield,4/5/20,14,0
45,Florence,4/5/20,36,5
45,Georgetown,4/5/20,18,1
45,Greenville,4/5/20,186,2
45,Greenwood,4/5/20,10,0
45,Hampton,4/5/20,2,0
45,Horry,4/5/20,64,5
45,Jasper,4/5/20,9,0
45,Kershaw,4/5/20,148,2
45,Lancaster,4/5/20,41,0
45,Laurens,4/5/20,6,0
45,Lee,4/5/20,17,2
45,Lexington,4/5/20,117,3
45,McCormick,4/5/20,1,0
45,Marion,4/5/20,2,1
45,Marlboro,4/5/20,3,0
45,Newberry,4/5/20,7,0
45,Oconee,4/5/20,8,0
45,Orangeburg,4/5/20,27,0
45,Pickens,4/5/20,18,0
45,Richland,4/5/20,298,6
45,Saluda,4/5/20,4,0
45,Spartanburg,4/5/20,75,0
45,Sumter,4/5/20,80,3
45,Union,4/5/20,11,0
45,Williamsburg,4/5/20,10,0
45,York,4/5/20,85,2
45,Abbeville,4/6/20,6,0
45,Aiken,4/6/20,27,1
45,Allendale,4/6/20,2,0
45,Anderson,4/6/20,72,4
45,Bamberg,4/6/20,5,0
45,Barnwell,4/6/20,3,0
45,Beaufort,4/6/20,163,4
45,Berkeley,4/6/20,52,0
45,Calhoun,4/6/20,5,1
45,Charleston,4/6/20,300,1
45,Cherokee,4/6/20,4,0
45,Chester,4/6/20,14,0
45,Chesterfield,4/6/20,15,0
45,Clarendon,4/6/20,58,2
45,Colleton,4/6/20,10,0
45,Darlington,4/6/20,27,0
45,Dillon,4/6/20,1,0
45,Dorchester,4/6/20,52,0
45,Edgefield,4/6/20,6,0
45,Fairfield,4/6/20,16,0
45,Florence,4/6/20,39,5
45,Georgetown,4/6/20,21,1
45,Greenville,4/6/20,204,2
45,Greenwood,4/6/20,11,0
45,Hampton,4/6/20,3,0
45,Horry,4/6/20,76,6
45,Jasper,4/6/20,11,0
45,Kershaw,4/6/20,152,2
45,Lancaster,4/6/20,43,0
45,Laurens,4/6/20,6,0
45,Lee,4/6/20,18,2
45,Lexington,4/6/20,124,3
45,McCormick,4/6/20,2,0
45,Marion,4/6/20,4,1
45,Marlboro,4/6/20,6,0
45,Newberry,4/6/20,7,0
45,Oconee,4/6/20,8,0
45,Orangeburg,4/6/20,28,0
45,Pickens,4/6/20,20,0
45,Richland,4/6/20,311,7
45,Saluda,4/6/20,4,0
45,Spartanburg,4/6/20,88,1
45,Sumter,4/6/20,90,3
45,Union,4/6/20,12,0
45,Williamsburg,4/6/20,11,0
45,York,4/6/20,95,2
45,Abbeville,4/7/20,5,0
45,Aiken,4/7/20,28,1
45,Allendale,4/7/20,2,0
45,Anderson,4/7/20,75,4
45,Bamberg,4/7/20,6,0
45,Barnwell,4/7/20,3,0
45,Beaufort,4/7/20,169,4
45,Berkeley,4/7/20,55,0
45,Calhoun,4/7/20,5,1
45,Charleston,4/7/20,305,1
45,Cherokee,4/7/20,4,0
45,Chester,4/7/20,15,0
45,Chesterfield,4/7/20,16,0
45,Clarendon,4/7/20,68,2
45,Colleton,4/7/20,10,0
45,Darlington,4/7/20,29,0
45,Dillon,4/7/20,1,0
45,Dorchester,4/7/20,51,0
45,Edgefield,4/7/20,6,0
45,Fairfield,4/7/20,17,0
45,Florence,4/7/20,45,5
45,Georgetown,4/7/20,22,1
45,Greenville,4/7/20,214,3
45,Greenwood,4/7/20,12,0
45,Hampton,4/7/20,4,0
45,Horry,4/7/20,91,6
45,Jasper,4/7/20,12,0
45,Kershaw,4/7/20,159,2
45,Lancaster,4/7/20,46,0
45,Laurens,4/7/20,6,0
45,Lee,4/7/20,19,2
45,Lexington,4/7/20,130,5
45,McCormick,4/7/20,2,0
45,Marion,4/7/20,5,1
45,Marlboro,4/7/20,8,0
45,Newberry,4/7/20,7,0
45,Oconee,4/7/20,9,0
45,Orangeburg,4/7/20,30,0
45,Pickens,4/7/20,21,0
45,Richland,4/7/20,340,7
45,Saluda,4/7/20,5,0
45,Spartanburg,4/7/20,120,1
45,Sumter,4/7/20,105,3
45,Union,4/7/20,15,0
45,Williamsburg,4/7/20,12,0
45,York,4/7/20,108,2
45,Abbeville,4/8/20,5,0
45,Aiken,4/8/20,28,1
45,Allendale,4/8/20,2,0
45,Anderson,4/8/20,75,4
45,Bamberg,4/8/20,6,0
45,Barnwell,4/8/20,3,0
45,Beaufort,4/8/20,169,4
45,Berkeley,4/8/20,55,0
45,Calhoun,4/8/20,5,1
45,Charleston,4/8/20,305,1
45,Cherokee,4/8/20,4,0
45,Chester,4/8/20,15,0
45,Chesterfield,4/8/20,16,0
45,Clarendon,4/8/20,68,2
45,Colleton,4/8/20,10,0
45,Darlington,4/8/20,29,0
45,Dillon,4/8/20,1,0
45,Dorchester,4/8/20,51,0
45,Edgefield,4/8/20,6,0
45,Fairfield,4/8/20,17,0
45,Florence,4/8/20,45,5
45,Georgetown,4/8/20,22,1
45,Greenville,4/8/20,214,3
45,Greenwood,4/8/20,12,0
45,Hampton,4/8/20,4,0
45,Horry,4/8/20,91,6
45,Jasper,4/8/20,12,0
45,Kershaw,4/8/20,159,2
45,Lancaster,4/8/20,46,0
45,Laurens,4/8/20,6,0
45,Lee,4/8/20,19,2
45,Lexington,4/8/20,130,5
45,McCormick,4/8/20,2,0
45,Marion,4/8/20,5,1
45,Marlboro,4/8/20,8,0
45,Newberry,4/8/20,7,0
45,Oconee,4/8/20,9,0
45,Orangeburg,4/8/20,30,0
45,Pickens,4/8/20,21,0
45,Richland,4/8/20,340,7
45,Saluda,4/8/20,5,0
45,Spartanburg,4/8/20,120,1
45,Sumter,4/8/20,105,3
45,Union,4/8/20,15,0
45,Williamsburg,4/8/20,12,0
45,York,4/8/20,108,2
45,Abbeville,4/9/20,7,0
45,Aiken,4/9/20,42,1
45,Allendale,4/9/20,2,0
45,Anderson,4/9/20,96,5
45,Bamberg,4/9/20,6,0
45,Barnwell,4/9/20,4,0
45,Beaufort,4/9/20,184,5
45,Berkeley,4/9/20,61,0
45,Calhoun,4/9/20,6,1
45,Charleston,4/9/20,313,1
45,Cherokee,4/9/20,5,0
45,Chester,4/9/20,16,0
45,Chesterfield,4/9/20,21,0
45,Clarendon,4/9/20,75,3
45,Colleton,4/9/20,15,0
45,Darlington,4/9/20,31,0
45,Dillon,4/9/20,3,0
45,Dorchester,4/9/20,58,0
45,Edgefield,4/9/20,6,0
45,Fairfield,4/9/20,17,0
45,Florence,4/9/20,53,5
45,Georgetown,4/9/20,25,1
45,Greenville,4/9/20,254,3
45,Greenwood,4/9/20,15,0
45,Hampton,4/9/20,5,0
45,Horry,4/9/20,106,7
45,Jasper,4/9/20,12,0
45,Kershaw,4/9/20,170,3
45,Lancaster,4/9/20,51,0
45,Laurens,4/9/20,9,1
45,Lee,4/9/20,24,3
45,Lexington,4/9/20,161,6
45,McCormick,4/9/20,3,1
45,Marion,4/9/20,5,1
45,Marlboro,4/9/20,10,0
45,Newberry,4/9/20,11,1
45,Oconee,4/9/20,12,0
45,Orangeburg,4/9/20,35,0
45,Pickens,4/9/20,22,0
45,Richland,4/9/20,417,10
45,Saluda,4/9/20,7,0
45,Spartanburg,4/9/20,139,4
45,Sumter,4/9/20,126,3
45,Union,4/9/20,19,0
45,Williamsburg,4/9/20,14,0
45,York,4/9/20,120,2
45,Abbeville,4/10/20,7,0
45,Aiken,4/10/20,48,1
45,Allendale,4/10/20,4,0
45,Anderson,4/10/20,100,5
45,Bamberg,4/10/20,6,0
45,Barnwell,4/10/20,5,0
45,Beaufort,4/10/20,186,5
45,Berkeley,4/10/20,67,1
45,Calhoun,4/10/20,6,1
45,Charleston,4/10/20,328,1
45,Cherokee,4/10/20,8,0
45,Chester,4/10/20,17,0
45,Chesterfield,4/10/20,22,0
45,Clarendon,4/10/20,80,3
45,Colleton,4/10/20,15,0
45,Darlington,4/10/20,33,0
45,Dillon,4/10/20,5,0
45,Dorchester,4/10/20,65,0
45,Edgefield,4/10/20,10,0
45,Fairfield,4/10/20,18,0
45,Florence,4/10/20,64,6
45,Georgetown,4/10/20,28,1
45,Greenville,4/10/20,308,6
45,Greenwood,4/10/20,16,0
45,Hampton,4/10/20,6,0
45,Horry,4/10/20,124,7
45,Jasper,4/10/20,12,0
45,Kershaw,4/10/20,177,3
45,Lancaster,4/10/20,61,0
45,Laurens,4/10/20,11,1
45,Lee,4/10/20,27,3
45,Lexington,4/10/20,184,6
45,McCormick,4/10/20,3,1
45,Marion,4/10/20,5,1
45,Marlboro,4/10/20,11,0
45,Newberry,4/10/20,13,1
45,Oconee,4/10/20,12,0
45,Orangeburg,4/10/20,37,0
45,Pickens,4/10/20,27,0
45,Richland,4/10/20,452,10
45,Saluda,4/10/20,7,0
45,Spartanburg,4/10/20,150,4
45,Sumter,4/10/20,142,3
45,Union,4/10/20,20,0
45,Williamsburg,4/10/20,15,0
45,York,4/10/20,125,2
45,Abbeville,4/11/20,9,0
45,Aiken,4/11/20,50,1
45,Allendale,4/11/20,4,0
45,Anderson,4/11/20,102,5
45,Bamberg,4/11/20,7,0
45,Barnwell,4/11/20,5,0
45,Beaufort,4/11/20,191,6
45,Berkeley,4/11/20,67,1
45,Calhoun,4/11/20,6,1
45,Charleston,4/11/20,331,1
45,Cherokee,4/11/20,8,0
45,Chester,4/11/20,18,0
45,Chesterfield,4/11/20,22,0
45,Clarendon,4/11/20,85,4
45,Colleton,4/11/20,15,0
45,Darlington,4/11/20,37,0
45,Dillon,4/11/20,5,0
45,Dorchester,4/11/20,67,1
45,Edgefield,4/11/20,10,0
45,Fairfield,4/11/20,21,0
45,Florence,4/11/20,66,7
45,Georgetown,4/11/20,32,1
45,Greenville,4/11/20,325,7
45,Greenwood,4/11/20,17,0
45,Hampton,4/11/20,6,0
45,Horry,4/11/20,132,7
45,Jasper,4/11/20,12,0
45,Kershaw,4/11/20,178,4
45,Lancaster,4/11/20,62,0
45,Laurens,4/11/20,13,1
45,Lee,4/11/20,27,3
45,Lexington,4/11/20,202,6
45,McCormick,4/11/20,3,1
45,Marion,4/11/20,6,1
45,Marlboro,4/11/20,13,0
45,Newberry,4/11/20,13,1
45,Oconee,4/11/20,13,0
45,Orangeburg,4/11/20,37,0
45,Pickens,4/11/20,28,0
45,Richland,4/11/20,479,10
45,Saluda,4/11/20,7,0
45,Spartanburg,4/11/20,170,4
45,Sumter,4/11/20,146,4
45,Union,4/11/20,22,0
45,Williamsburg,4/11/20,15,0
45,York,4/11/20,127,3
45,Abbeville,4/12/20,9,0
45,Aiken,4/12/20,50,1
45,Allendale,4/12/20,5,0
45,Anderson,4/12/20,106,5
45,Bamberg,4/12/20,7,0
45,Barnwell,4/12/20,5,0
45,Beaufort,4/12/20,194,6
45,Berkeley,4/12/20,83,1
45,Calhoun,4/12/20,6,1
45,Charleston,4/12/20,339,2
45,Cherokee,4/12/20,8,0
45,Chester,4/12/20,19,0
45,Chesterfield,4/12/20,22,0
45,Clarendon,4/12/20,85,4
45,Colleton,4/12/20,16,0
45,Darlington,4/12/20,39,0
45,Dillon,4/12/20,5,0
45,Dorchester,4/12/20,71,1
45,Edgefield,4/12/20,10,0
45,Fairfield,4/12/20,21,0
45,Florence,4/12/20,72,7
45,Georgetown,4/12/20,31,1
45,Greenville,4/12/20,339,8
45,Greenwood,4/12/20,17,0
45,Hampton,4/12/20,7,0
45,Horry,4/12/20,134,7
45,Jasper,4/12/20,12,0
45,Kershaw,4/12/20,179,4
45,Lancaster,4/12/20,65,0
45,Laurens,4/12/20,14,1
45,Lee,4/12/20,29,3
45,Lexington,4/12/20,212,6
45,McCormick,4/12/20,3,1
45,Marion,4/12/20,7,1
45,Marlboro,4/12/20,14,0
45,Newberry,4/12/20,13,1
45,Oconee,4/12/20,14,0
45,Orangeburg,4/12/20,37,0
45,Pickens,4/12/20,28,0
45,Richland,4/12/20,494,10
45,Saluda,4/12/20,6,0
45,Spartanburg,4/12/20,174,4
45,Sumter,4/12/20,148,4
45,Union,4/12/20,22,0
45,Williamsburg,4/12/20,15,0
45,York,4/12/20,134,3
45,Abbeville,4/13/20,9,0
45,Aiken,4/13/20,51,1
45,Allendale,4/13/20,5,0
45,Anderson,4/13/20,109,5
45,Bamberg,4/13/20,7,0
45,Barnwell,4/13/20,5,0
45,Beaufort,4/13/20,194,6
45,Berkeley,4/13/20,90,1
45,Calhoun,4/13/20,6,1
45,Charleston,4/13/20,351,2
45,Cherokee,4/13/20,8,0
45,Chester,4/13/20,20,0
45,Chesterfield,4/13/20,23,0
45,Clarendon,4/13/20,86,4
45,Colleton,4/13/20,17,0
45,Darlington,4/13/20,43,0
45,Dillon,4/13/20,5,0
45,Dorchester,4/13/20,73,1
45,Edgefield,4/13/20,10,0
45,Fairfield,4/13/20,23,0
45,Florence,4/13/20,79,7
45,Georgetown,4/13/20,31,1
45,Greenville,4/13/20,346,8
45,Greenwood,4/13/20,18,0
45,Hampton,4/13/20,9,0
45,Horry,4/13/20,147,7
45,Jasper,4/13/20,12,0
45,Kershaw,4/13/20,181,4
45,Lancaster,4/13/20,66,0
45,Laurens,4/13/20,14,1
45,Lee,4/13/20,31,3
45,Lexington,4/13/20,212,6
45,McCormick,4/13/20,3,1
45,Marion,4/13/20,7,1
45,Marlboro,4/13/20,15,0
45,Newberry,4/13/20,13,1
45,Oconee,4/13/20,14,0
45,Orangeburg,4/13/20,37,0
45,Pickens,4/13/20,28,0
45,Richland,4/13/20,494,10
45,Saluda,4/13/20,6,0
45,Spartanburg,4/13/20,174,4
45,Sumter,4/13/20,148,4
45,Union,4/13/20,22,0
45,Williamsburg,4/13/20,15,0
45,York,4/13/20,134,3
45,Abbeville,4/14/20,9,0
45,Aiken,4/14/20,60,3
45,Allendale,4/14/20,5,0
45,Anderson,4/14/20,111,5
45,Bamberg,4/14/20,7,0
45,Barnwell,4/14/20,5,0
45,Beaufort,4/14/20,198,7
45,Berkeley,4/14/20,98,3
45,Calhoun,4/14/20,6,1
45,Charleston,4/14/20,353,2
45,Cherokee,4/14/20,8,0
45,Chester,4/14/20,20,0
45,Chesterfield,4/14/20,27,0
45,Clarendon,4/14/20,89,6
45,Colleton,4/14/20,18,0
45,Darlington,4/14/20,44,0
45,Dillon,4/14/20,5,0
45,Dorchester,4/14/20,73,1
45,Edgefield,4/14/20,9,0
45,Fairfield,4/14/20,24,0
45,Florence,4/14/20,82,7
45,Georgetown,4/14/20,33,1
45,Greenville,4/14/20,373,10
45,Greenwood,4/14/20,18,0
45,Hampton,4/14/20,11,0
45,Horry,4/14/20,151,8
45,Jasper,4/14/20,14,0
45,Kershaw,4/14/20,187,5
45,Lancaster,4/14/20,67,1
45,Laurens,4/14/20,14,1
45,Lee,4/14/20,33,3
45,Lexington,4/14/20,208,8
45,McCormick,4/14/20,4,1
45,Marion,4/14/20,8,1
45,Marlboro,4/14/20,15,0
45,Newberry,4/14/20,15,1
45,Oconee,4/14/20,14,0
45,Orangeburg,4/14/20,38,0
45,Pickens,4/14/20,34,0
45,Richland,4/14/20,535,11
45,Saluda,4/14/20,7,0
45,Spartanburg,4/14/20,190,4
45,Sumter,4/14/20,156,4
45,Union,4/14/20,23,0
45,Williamsburg,4/14/20,16,0
45,York,4/14/20,138,3
45,Abbeville,4/15/20,10,0
45,Aiken,4/15/20,60,3
45,Allendale,4/15/20,5,0
45,Anderson,4/15/20,114,5
45,Bamberg,4/15/20,7,0
45,Barnwell,4/15/20,5,0
45,Beaufort,4/15/20,205,7
45,Berkeley,4/15/20,101,3
45,Calhoun,4/15/20,5,1
45,Charleston,4/15/20,360,2
45,Cherokee,4/15/20,8,0
45,Chester,4/15/20,22,0
45,Chesterfield,4/15/20,28,0
45,Clarendon,4/15/20,90,6
45,Colleton,4/15/20,21,1
45,Darlington,4/15/20,44,0
45,Dillon,4/15/20,7,0
45,Dorchester,4/15/20,78,1
45,Edgefield,4/15/20,10,0
45,Fairfield,4/15/20,24,0
45,Florence,4/15/20,87,7
45,Georgetown,4/15/20,33,2
45,Greenville,4/15/20,400,11
45,Greenwood,4/15/20,19,0
45,Hampton,4/15/20,12,0
45,Horry,4/15/20,150,8
45,Jasper,4/15/20,14,0
45,Kershaw,4/15/20,187,7
45,Lancaster,4/15/20,68,2
45,Laurens,4/15/20,14,1
45,Lee,4/15/20,34,3
45,Lexington,4/15/20,218,8
45,McCormick,4/15/20,4,1
45,Marion,4/15/20,8,1
45,Marlboro,4/15/20,15,0
45,Newberry,4/15/20,16,1
45,Oconee,4/15/20,14,0
45,Orangeburg,4/15/20,38,0
45,Pickens,4/15/20,34,0
45,Richland,4/15/20,548,12
45,Saluda,4/15/20,8,0
45,Spartanburg,4/15/20,191,5
45,Sumter,4/15/20,161,5
45,Union,4/15/20,23,0
45,Williamsburg,4/15/20,18,0
45,York,4/15/20,138,3
45,Abbeville,4/16/20,10,0
45,Aiken,4/16/20,63,3
45,Allendale,4/16/20,5,0
45,Anderson,4/16/20,119,5
45,Bamberg,4/16/20,7,0
45,Barnwell,4/16/20,5,0
45,Beaufort,4/16/20,206,7
45,Berkeley,4/16/20,116,3
45,Calhoun,4/16/20,5,1
45,Charleston,4/16/20,383,3
45,Cherokee,4/16/20,12,0
45,Chester,4/16/20,22,0
45,Chesterfield,4/16/20,29,0
45,Clarendon,4/16/20,98,6
45,Colleton,4/16/20,21,1
45,Darlington,4/16/20,49,0
45,Dillon,4/16/20,10,0
45,Dorchester,4/16/20,78,1
45,Edgefield,4/16/20,10,0
45,Fairfield,4/16/20,25,0
45,Florence,4/16/20,103,7
45,Georgetown,4/16/20,34,2
45,Greenville,4/16/20,436,11
45,Greenwood,4/16/20,31,0
45,Hampton,4/16/20,15,0
45,Horry,4/16/20,155,9
45,Jasper,4/16/20,14,0
45,Kershaw,4/16/20,189,8
45,Lancaster,4/16/20,71,2
45,Laurens,4/16/20,18,1
45,Lee,4/16/20,35,4
45,Lexington,4/16/20,267,8
45,McCormick,4/16/20,5,1
45,Marion,4/16/20,8,1
45,Marlboro,4/16/20,19,0
45,Newberry,4/16/20,22,1
45,Oconee,4/16/20,14,0
45,Orangeburg,4/16/20,40,0
45,Pickens,4/16/20,37,0
45,Richland,4/16/20,579,13
45,Saluda,4/16/20,9,0
45,Spartanburg,4/16/20,199,5
45,Sumter,4/16/20,168,5
45,Union,4/16/20,23,0
45,Williamsburg,4/16/20,18,0
45,York,4/16/20,149,3
45,Abbeville,4/17/20,10,0
45,Aiken,4/17/20,66,3
45,Allendale,4/17/20,6,0
45,Anderson,4/17/20,127,5
45,Bamberg,4/17/20,7,0
45,Barnwell,4/17/20,5,0
45,Beaufort,4/17/20,214,6
45,Berkeley,4/17/20,123,3
45,Calhoun,4/17/20,6,1
45,Charleston,4/17/20,385,3
45,Cherokee,4/17/20,13,0
45,Chester,4/17/20,23,0
45,Chesterfield,4/17/20,31,0
45,Clarendon,4/17/20,106,6
45,Colleton,4/17/20,21,1
45,Darlington,4/17/20,52,0
45,Dillon,4/17/20,11,0
45,Dorchester,4/17/20,83,1
45,Edgefield,4/17/20,10,0
45,Fairfield,4/17/20,25,0
45,Florence,4/17/20,121,8
45,Georgetown,4/17/20,34,2
45,Greenville,4/17/20,447,11
45,Greenwood,4/17/20,32,0
45,Hampton,4/17/20,18,0
45,Horry,4/17/20,167,10
45,Jasper,4/17/20,15,0
45,Kershaw,4/17/20,190,8
45,Lancaster,4/17/20,73,2
45,Laurens,4/17/20,19,1
45,Lee,4/17/20,40,5
45,Lexington,4/17/20,267,9
45,McCormick,4/17/20,5,1
45,Marion,4/17/20,14,1
45,Marlboro,4/17/20,25,0
45,Newberry,4/17/20,23,1
45,Oconee,4/17/20,14,0
45,Orangeburg,4/17/20,41,0
45,Pickens,4/17/20,36,0
45,Richland,4/17/20,612,14
45,Saluda,4/17/20,9,0
45,Spartanburg,4/17/20,204,5
45,Sumter,4/17/20,176,6
45,Union,4/17/20,23,0
45,Williamsburg,4/17/20,19,0
45,York,4/17/20,151,3
45,Abbeville,4/18/20,15,0
45,Aiken,4/18/20,67,4
45,Allendale,4/18/20,6,0
45,Anderson,4/18/20,133,5
45,Bamberg,4/18/20,7,0
45,Barnwell,4/18/20,5,0
45,Beaufort,4/18/20,220,6
45,Berkeley,4/18/20,124,3
45,Calhoun,4/18/20,6,1
45,Charleston,4/18/20,385,3
45,Cherokee,4/18/20,13,0
45,Chester,4/18/20,23,0
45,Chesterfield,4/18/20,35,0
45,Clarendon,4/18/20,109,6
45,Colleton,4/18/20,23,1
45,Darlington,4/18/20,59,0
45,Dillon,4/18/20,17,0
45,Dorchester,4/18/20,84,1
45,Edgefield,4/18/20,11,0
45,Fairfield,4/18/20,25,0
45,Florence,4/18/20,128,8
45,Georgetown,4/18/20,34,2
45,Greenville,4/18/20,486,11
45,Greenwood,4/18/20,34,0
45,Hampton,4/18/20,20,0
45,Horry,4/18/20,176,12
45,Jasper,4/18/20,16,0
45,Kershaw,4/18/20,195,8
45,Lancaster,4/18/20,73,2
45,Laurens,4/18/20,19,1
45,Lee,4/18/20,40,5
45,Lexington,4/18/20,271,9
45,McCormick,4/18/20,6,1
45,Marion,4/18/20,13,1
45,Marlboro,4/18/20,25,0
45,Newberry,4/18/20,23,1
45,Oconee,4/18/20,16,0
45,Orangeburg,4/18/20,41,0
45,Pickens,4/18/20,38,0
45,Richland,4/18/20,626,14
45,Saluda,4/18/20,10,0
45,Spartanburg,4/18/20,211,5
45,Sumter,4/18/20,181,6
45,Union,4/18/20,23,0
45,Williamsburg,4/18/20,20,0
45,York,4/18/20,156,3
45,Abbeville,4/19/20,17,0
45,Aiken,4/19/20,69,4
45,Allendale,4/19/20,6,0
45,Anderson,4/19/20,132,5
45,Bamberg,4/19/20,7,0
45,Barnwell,4/19/20,5,0
45,Beaufort,4/19/20,225,6
45,Berkeley,4/19/20,132,3
45,Calhoun,4/19/20,6,1
45,Charleston,4/19/20,390,3
45,Cherokee,4/19/20,13,0
45,Chester,4/19/20,24,0
45,Chesterfield,4/19/20,36,0
45,Clarendon,4/19/20,112,6
45,Colleton,4/19/20,23,1
45,Darlington,4/19/20,64,0
45,Dillon,4/19/20,20,0
45,Dorchester,4/19/20,88,1
45,Edgefield,4/19/20,12,0
45,Fairfield,4/19/20,25,0
45,Florence,4/19/20,150,8
45,Georgetown,4/19/20,33,2
45,Greenville,4/19/20,492,11
45,Greenwood,4/19/20,36,0
45,Hampton,4/19/20,21,0
45,Horry,4/19/20,185,12
45,Jasper,4/19/20,15,1
45,Kershaw,4/19/20,197,8
45,Lancaster,4/19/20,79,2
45,Laurens,4/19/20,20,1
45,Lee,4/19/20,42,5
45,Lexington,4/19/20,273,9
45,McCormick,4/19/20,6,1
45,Marion,4/19/20,15,1
45,Marlboro,4/19/20,28,0
45,Newberry,4/19/20,21,1
45,Oconee,4/19/20,17,0
45,Orangeburg,4/19/20,43,0
45,Pickens,4/19/20,39,0
45,Richland,4/19/20,652,14
45,Saluda,4/19/20,12,0
45,Spartanburg,4/19/20,213,5
45,Sumter,4/19/20,181,6
45,Union,4/19/20,24,0
45,Williamsburg,4/19/20,21,0
45,York,4/19/20,156,3
45,Tested,04/20/20,40480,0
45,Tested,04/19/20,40480,0
45,Tested,04/18/20,38833,0
45,Tested,04/17/20,36284,0
45,Tested,04/16/20,34733,0
45,Tested,04/15/20,34733,0
45,Tested,04/14/20,33872,0
45,Tested,04/13/20,31425,0
45,Tested,04/12/20,31425,0
45,Tested,04/11/20,30093,0
45,Tested,04/10/20,28183,0
45,Tested,04/09/20,27367,0
45,Tested,04/08/20,24634,0
45,Tested,04/07/20,23680,0
45,Tested,04/06/20,18976,0
45,Tested,04/05/20,18976,0
45,Tested,04/04/20,18314,0
45,Tested,04/03/20,6995,0
45,Tested,04/02/20,6995,0
45,Tested,04/01/20,6326,0
45,Tested,03/31/20,5699,0
45,Tested,03/30/20,5085,0
45,Tested,03/29/20,3789,0
45,Tested,03/28/20,2947,0
45,Tested,03/27/20,2763,0
45,Tested,03/26/20,2763,0
45,Tested,03/25/20,2727,0
45,Tested,03/24/20,2310,0
45,Tested,03/23/20,1764,0
45,Tested,03/22/20,1661,0
45,Tested,03/21/20,1407,0
45,Tested,03/20/20,914,0
45,Tested,03/19/20,643,0
45,Tested,03/18/20,643,0
45,Tested,03/17/20,344,0
45,Tested,03/16/20,263,0
45,Tested,03/15/20,173,0
45,Tested,03/14/20,123,0
45,Tested,03/13/20,87,0
45,Tested,03/12/20,58,0
45,Tested,03/11/20,41,0
45,Tested,03/10/20,31,0
45,Tested,03/09/20,31,0
45,Tested,03/08/20,10,0
45,Tested,03/07/20,10,0
45,Tested,03/06/20,5,0
45,Tested,03/05/20,5,0
45,Tested,03/04/20,5,0
